Peak viewers,Average viewers,Followers,Partnered,Mature,Mean weekly watch hours,Mean weekly stream hours
348593,61993,9043160,1,0,2217170.928,35.76442308
253831,12704,4061076,1,1,2122451.221,167.0625
3442745,75485,15430621,1,0,2007636.423,26.59615385
126238,51364,11981015,1,0,1839991.668,35.82211538
125341,23673,1367770,1,0,1607503.534,67.90384615
1098636,132356,3043007,1,0,1541189.327,11.64423077
215660,31247,2967235,1,0,1409606.894,45.11057692
82098,25657,2562946,1,0,1233787.101,48.08653846
152249,23756,1789303,1,0,1218776.014,51.30288462
151594,38024,3998038,1,0,1197760.51,31.5
166223,19011,656754,1,0,1094880.832,57.59134615
205471,30094,5064402,1,0,1066904.726,35.45192308
48921,13812,6250676,1,0,1032117.904,74.72115385
266793,61506,2805389,1,0,979068.9087,15.91826923
295493,6250,6272711,1,0,974286.8606,155.8605769
105954,21467,890549,1,0,962706.1587,44.84615385
207866,20321,1714324,0,0,951403.3077,46.81730769
120011,17636,2159527,1,0,915162.4375,51.88942308
360947,52069,16137856,1,0,898957.2837,17.26442308
215165,21811,3304282,1,1,896915.9423,41.12019231
166788,5493,711679,1,0,896654.6827,163.2259615
127557,17733,1600214,1,0,853064.9087,48.10576923
102970,17246,4615150,1,0,753640.4038,43.69711538
156716,16279,10760732,1,0,753087.7933,46.25961538
65775,18552,1044291,1,0,745330.774,40.17307692
48646,12188,661198,1,0,734141.7356,60.23076923
272205,36691,760715,1,1,729774.6587,19.88942308
30882,15267,563099,1,0,715969.9423,46.89423077
403954,45633,9064326,1,0,709077.3125,15.53846154
56762,17629,2961886,1,0,708300.9423,40.17788462
357257,24603,14848698,1,0,693645.0481,28.19230769
440432,41180,1899354,1,0,665623.7644,16.16346154
35130,12378,617352,1,0,661563.8846,53.44230769
137733,16971,1834264,1,0,661071.8942,38.95192308
53894,11272,822139,1,0,639055.1875,56.69230769
154553,17839,966219,1,1,610233.1683,34.20673077
824255,52926,6855524,1,0,592875.6106,11.20192308
236159,14710,1122289,1,0,581350.6827,39.51923077
211881,37668,2036848,1,0,580964.8413,15.42307692
159115,32612,9350442,1,0,577462.5433,17.70673077
48808,11685,709180,1,0,575789.2067,49.27403846
94536,15327,3871436,1,0,573805.4279,37.4375
76716,17001,6947972,1,0,572636.9712,33.68269231
1745462,20728,11878408,1,0,565964.4519,27.30288462
47393,15522,1428305,1,0,565751,36.44711538
114565,11898,736484,1,0,554316.0481,46.58653846
66491,17565,1041131,1,0,549783.5673,31.29807692
74903,13406,3518844,1,0,548617.9279,40.92307692
180846,22624,1709416,1,0,545600.2788,24.11538462
93182,14458,725915,1,1,536578.6587,37.11057692
176972,19864,1657511,1,0,530126.5817,26.6875
165048,10029,1214015,1,0,523905.5577,52.23557692
100121,15313,8886559,1,1,521404.4615,34.04807692
37112,10536,1234034,1,0,512631.5865,48.65384615
38741,8865,1454832,1,0,512535.8317,57.8125
52943,16381,5296635,1,0,510988.3798,31.19230769
260463,16442,235527,1,0,508930.601,30.95192308
28517,13705,1178638,1,1,507106.5481,37
202216,23875,5273464,1,1,493240.0433,20.65865385
70985,9498,1564050,1,0,486922.3365,51.26442308
129457,13563,7173148,1,0,484376.6779,35.71153846
185921,14479,677284,1,0,481783.2452,33.27403846
102021,31334,816390,1,0,477847.2788,15.25
82463,19788,1650107,1,1,477210.9952,24.11538462
75678,21187,2074909,1,0,464797.5192,21.9375
46884,9190,244577,1,0,463715.8894,50.45673077
69696,14815,645738,1,0,461987.524,31.18269231
179352,15074,4286290,1,0,455144.4183,30.19230769
213846,22652,5826481,1,0,453045.6298,20
50783,12557,1983833,1,0,436602.7115,34.76923077
157027,3770,755006,1,0,426162.2788,113.0336538
40472,10764,1739385,1,1,425238.7596,39.50480769
90350,7703,2019426,1,0,419196.5721,54.41826923
307528,14240,4172539,1,0,419135.5192,29.43269231
9393,2659,174372,1,1,415570.3654,156.25
236385,33742,1820772,1,0,413836.8846,12.26442308
177746,15619,3814716,1,1,410902.524,26.30769231
22282,8172,474833,1,0,405822.9423,49.65865385
43424,14398,6716696,1,0,396036.6827,27.50480769
300741,17686,2370323,1,0,392414.9712,22.1875
202503,16996,11167868,1,0,392053.1154,23.06730769
26627,13266,1207539,1,0,380826.4183,28.70673077
60460,7866,924396,1,0,371870.9087,47.27403846
147761,13797,1910651,1,1,370871.3413,26.87980769
29501,8177,1883510,1,1,369812.75,45.22596154
162194,35040,2046111,1,0,365228.7596,10.42307692
59146,10474,1261545,1,0,363621.7019,34.71634615
122805,13518,2723546,1,1,362846.351,26.84134615
92906,17465,525444,1,0,362825.1827,20.77403846
68467,11807,349322,1,0,356661.7163,30.20673077
217295,34367,4167483,1,0,351606.6731,10.23076923
19671,4389,236478,1,0,344389.1683,78.45192308
22608,7434,2437634,1,0,343083.524,46.14423077
38676,6572,325814,1,0,341509.3654,51.95673077
46542,6730,1707002,1,0,337114.1154,50.08653846
102115,6714,1101904,1,0,334712.9375,49.84615385
139259,19421,1611063,1,0,332779.6683,17.13461538
158751,12141,1542441,1,0,330446.0433,27.21634615
88886,11150,1851253,1,0,328026.7067,29.41826923
25954,5606,1148645,1,0,326909.3173,58.3125
43676,6892,1120195,1,0,318908.5385,46.26923077
26902,6008,991959,1,0,314571.8125,52.35096154
70524,13850,1738590,1,0,312291.7837,22.54807692
130120,22686,1967479,1,0,306374.6635,13.50480769
158562,6028,1356326,1,0,305133.0817,50.61538462
32120,6467,2190680,1,0,303422.4856,46.91826923
16558,4763,680133,1,0,301768.2981,63.35576923
71123,9298,713416,1,0,300982.4712,32.37019231
105456,7588,498227,1,0,300781.2981,39.63461538
126485,8256,1419690,1,0,299462.8413,36.26923077
25201,6148,603814,1,0,299223.7788,48.66346154
70388,13035,1306097,1,1,297571.6683,22.82692308
20560,5261,635551,1,1,297499.6346,56.54807692
49312,8928,1562435,1,0,292757.7356,32.78846154
74804,11794,435846,1,0,289474.9279,24.54326923
56744,13794,686990,1,0,287354.2933,20.83173077
35778,11220,533781,0,0,284235.3173,25.33173077
52516,5831,357123,1,0,282161.1635,48.38461538
57721,10603,2848215,1,0,282009.8125,26.59615385
83333,13229,792835,1,1,281563.9135,21.28365385
1340960,47471,4922515,1,0,276384.0385,5.822115385
61234,14631,1090980,1,0,275179.0337,18.80769231
20710,5939,360247,1,1,274846.2308,46.27403846
103320,24907,399892,1,0,274816.9519,11.03365385
48364,5443,1332223,1,0,272369.1923,50.03365385
23639,5620,3972401,1,0,268290.0433,47.73557692
153299,40276,2462474,1,0,267216.4952,6.634615385
27594,10428,616820,1,0,264379.524,25.35096154
26272,4763,868722,0,0,262688.5529,55.14903846
49249,11575,2792505,1,1,261999.4856,22.63461538
284592,107154,1227361,1,0,257067.8413,2.399038462
36401,9700,2707118,1,1,254857.6923,26.27403846
16641,5592,841252,1,0,254405.1971,45.49038462
55491,3783,686575,1,0,252515.6635,66.74519231
47341,1884,697483,1,0,252249.4375,133.8557692
182838,8515,324025,1,0,251997.0577,29.59134615
38151,7929,1097291,1,0,251255.8029,31.6875
43617,4979,436473,1,0,250528.1923,50.31730769
29313,4451,381686,1,0,250054.2644,56.17307692
33855,9637,1070279,1,1,250011.2548,25.94230769
47173,5570,2114338,1,0,249266.5529,44.74519231
69273,5382,2792146,1,0,248035.3846,46.08653846
58114,5213,997763,1,0,242857.5529,46.58173077
32573,3498,309855,1,0,242466.5529,69.31730769
10262,3437,210309,1,1,240886.7788,70.08173077
71628,9384,561364,1,0,239344.4135,25.50480769
8546,1420,548371,1,1,238898.7933,168.1153846
19168,4612,591314,1,0,238248.2644,51.65384615
195874,25181,3874776,1,0,235832.9904,9.365384615
110428,28531,4597208,1,1,235799.3221,8.264423077
51453,12955,600323,1,0,235262.9087,18.15865385
52786,19185,1458870,1,0,234287.6106,12.21153846
39989,8552,1757941,1,0,233707.0529,27.32692308
82734,10641,5272502,1,0,231553.9135,21.75961538
22669,8028,914160,1,0,230714.8221,28.73557692
73783,7110,873650,1,0,229470.9087,32.27403846
58471,1646,712721,1,0,228048.6538,138.4615385
99397,11363,186470,1,0,226455.7692,19.92788462
12041,4224,256335,1,0,225623.0625,53.40865385
44293,11020,1893983,1,0,225068.5096,20.42307692
26058,9563,1029591,1,1,222664.851,23.28365385
26733,5185,290304,1,0,222314.649,42.87019231
99231,4549,807128,1,1,221948.601,48.78846154
53044,7360,1821767,1,0,221202.75,30.05288462
36479,6629,665449,1,0,221033.9279,33.34134615
77752,10697,1198908,1,0,219859.0337,20.55288462
11090,3388,644092,1,1,219562.1779,64.79807692
65681,9412,1140108,1,0,218621.6923,23.22596154
31867,6175,5244606,1,0,216633.9471,35.07692308
16362,4157,416224,1,0,214326.3702,51.54807692
75732,1642,61840,1,0,214051.8702,130.3076923
33227,5170,411427,1,0,214017.1442,41.39423077
200282,12740,1743138,1,0,213518.9471,16.75961538
17300,4421,319613,1,1,210272.3654,47.5625
148965,18475,270217,1,0,210249.9712,11.37980769
19829,5869,1079991,1,1,207164.0721,35.29807692
51524,4682,563717,1,0,206906.3846,44.18269231
45418,15624,1419227,1,0,206868.0288,13.24038462
35813,5228,561644,1,0,206128.0913,39.42307692
35298,7359,846737,1,0,206092.226,28.00480769
9593,1249,201950,1,0,204423.7548,163.6105769
11349,4521,630468,1,0,203884.8798,45.08653846
19912,4342,321693,1,1,203772.7692,46.92307692
36153,3543,842043,1,0,203433.7212,57.40865385
102533,13400,259424,1,0,202804.0962,15.13461538
623590,10738,3225005,1,0,202438.274,18.85096154
33581,5383,806253,1,0,201867.0337,37.5
31265,3298,241952,1,0,201302.5625,61.03365385
64293,6511,766237,1,0,200804.6346,30.83653846
57113,11607,1010775,1,0,200554.7548,17.27884615
24365,5757,243811,1,0,200473.2837,34.81730769
2836,1190,121958,1,0,200182.8413,168.1538462
33185,4381,367443,1,0,199604.3846,45.55769231
285246,14166,476199,1,0,199152.7163,14.05769231
19997,5291,797481,1,0,198504.3606,37.51442308
40734,5640,511770,1,0,197738.0096,35.05769231
50610,3574,293392,1,0,197609.1202,55.28846154
9917,2341,396556,1,1,196058.4087,83.73557692
44008,6890,1050708,1,0,195221.8221,28.33173077
10779,4846,1210826,1,0,194210.1731,40.07692308
13769,3322,306879,1,0,145624.3558,43.82692308
14382,2258,342761,1,1,145466.6154,64.39903846
32563,10549,890092,0,0,144800.4087,13.72596154
41392,15395,1425303,1,1,144039.7548,9.355769231
27659,3787,486966,1,0,143906.5288,38
20003,3597,687048,1,1,143678.0529,39.94230769
27035,4000,357364,0,0,143639.0913,35.90384615
20711,2732,248463,1,1,143417.9904,52.49038462
25899,3668,758478,1,0,142920.7308,38.95673077
55386,5682,401042,1,0,142643.1298,25.10096154
29232,2839,338948,1,0,142291.7837,50.10576923
145106,34624,1166948,1,0,141994.375,4.100961538
26874,5189,790644,1,1,141772.3173,27.32211538
12799,2273,530636,1,0,141698.1635,62.33653846
16185,3096,538408,1,0,141684.7596,45.75480769
31272,6994,307100,1,0,141304.4952,20.20192308
23133,5812,463825,1,0,141117.1538,24.27884615
23406,2443,321352,1,0,140831.976,57.63942308
12276,4004,325283,1,1,140719.1923,35.13942308
23358,3459,618568,1,0,140239.0385,40.53365385
10034,2014,157749,1,0,139955.8462,69.47596154
6620,1460,284953,1,0,139941.3654,95.79807692
24874,2962,425755,1,0,139049.4423,46.94230769
13669,2042,289864,1,0,137392.524,67.26923077
18028,4101,928181,1,0,137176.0529,33.44711538
28912,4121,928670,1,0,136924.8462,33.22115385
33020,6239,241971,0,0,136908.9279,21.94230769
21039,5167,272650,1,0,136788.25,26.47115385
22337,4379,1326994,1,1,136347.7596,31.13461538
19255,3262,273221,1,0,135874.0913,41.64423077
11467,3265,1246689,1,0,135727.5433,41.5625
29224,3402,1602309,1,0,135581.7788,39.84615385
22856,2795,287778,1,0,135060.0673,48.31730769
10464,3282,405025,1,0,135020.1683,41.12980769
18601,5570,869694,1,0,134895.6346,24.21634615
16047,4380,772214,1,0,134387.4471,30.68269231
60549,8154,451983,1,0,133999.851,16.43269231
23316,4215,668495,1,0,133870.2115,31.75480769
31434,2320,233600,0,0,133762.5481,57.64423077
19015,7303,664396,1,0,131983.8798,18.07211538
42047,10655,1903706,1,0,131814.851,12.37019231
17664,2940,541912,1,1,131665.3942,44.78365385
112504,13593,1222562,1,0,131493.3365,9.673076923
60540,6803,5758170,1,0,130999.1154,19.25480769
43030,4485,1807635,1,0,130907.4712,29.1875
37253,5328,297706,1,0,130888.7115,24.5625
13757,2225,430786,1,0,130851.2067,58.80769231
20390,4002,476836,1,0,129991.6442,32.47596154
13278,3419,1153199,1,0,129536.9183,37.88461538
22035,2902,705557,1,0,129138.6538,44.49038462
6726,1954,398812,1,1,128706.6971,65.85576923
30002,2154,395835,1,0,128689.0288,59.72115385
14304,2643,1184231,1,0,128569.1154,48.64423077
34008,6017,475533,1,1,128530.7692,21.36057692
14080,4775,1307698,1,0,128472.5192,26.90384615
10048,2003,1759700,1,0,128438.9615,64.10576923
9841,3305,69164,1,1,128219.226,38.79326923
57475,846,644449,1,0,127799.1346,150.9375
42292,4068,2673988,1,0,127762.2644,31.39903846
20106,3451,164960,1,0,127563.3221,36.95673077
30445,5635,761055,1,0,127521.4952,22.62980769
12264,4207,337946,1,0,127506.6058,30.30769231
290841,29040,3488452,1,0,127469.524,4.389423077
40518,2147,824833,1,0,127415.1346,59.34134615
23634,8897,736098,1,1,126750,14.24519231
81405,10918,671399,1,0,126719.1538,11.60576923
14801,3207,1283193,1,0,126706.2837,39.50961538
26866,3274,990836,1,0,126593.3606,38.66346154
152938,19295,6716787,1,0,126070.2452,6.533653846
13949,2909,464281,1,0,126002.1587,43.3125
9490,2962,424389,1,1,125621.5144,42.39903846
38423,7200,1056275,1,0,125310.7981,17.40384615
14329,4028,550882,1,0,124671.4519,30.94711538
22528,3603,241197,0,0,124641.3798,34.58653846
42224,2021,315319,1,0,124632.5048,61.64903846
15552,2536,159958,1,0,124505.3606,49.07692308
9438,3081,474154,1,0,124424.2548,40.37980769
37601,4027,1718984,1,0,124385.3606,30.88461538
25263,3356,341695,1,1,124120.1394,36.97596154
23641,4373,964747,1,0,124079.5385,28.37019231
36282,3688,479815,1,1,123975.3942,33.61057692
23373,9229,959884,1,0,123622.3317,13.39423077
26197,4189,848915,1,0,123541.8942,29.48557692
8912,4103,641134,1,0,123388.9038,30.06730769
25704,9210,460896,1,0,123015.9904,13.35576923
13742,2909,695857,1,0,122958.0577,42.26442308
9797,4024,509141,1,0,122598.9327,30.46153846
4416,733,995187,1,0,122371.4327,166.7932692
10267,3708,379564,1,0,122306.4471,32.97596154
34904,1800,156256,1,0,122185.726,67.875
9185,2855,107008,1,0,122158.6442,42.77403846
66641,5685,790284,0,0,121996.125,21.45673077
15273,2668,485059,1,0,121787.5,45.64903846
9853,3210,287510,1,0,121571.024,37.86057692
12743,4299,183331,1,0,121393.9327,28.23557692
33851,3973,220010,1,0,121112.1731,30.48076923
20975,728,332851,1,1,120499.2837,165.4375
46921,2774,852975,1,1,120068.5048,43.27884615
13339,3763,848569,1,0,119915.5385,31.86057692
12332,3189,448879,1,1,119624.399,37.50961538
115239,4132,1926437,1,0,119252.75,28.86057692
56270,3949,6820649,1,0,119033.5337,30.13942308
14342,2360,286384,1,0,118960.1106,50.39903846
19399,3190,347045,1,0,118932.5433,37.28365385
36480,5343,787858,1,1,118447.7548,22.16826923
26377,3841,346868,1,0,118123.0817,30.75
25525,3484,800225,1,0,118099.6394,33.89423077
20885,3414,901036,1,1,117651.3269,34.46153846
25728,8839,1221814,1,1,117633.9423,13.30769231
15919,6041,406174,1,0,117320.0817,19.41826923
9890,4098,197630,1,1,117064.9615,28.5625
5634,1689,168006,1,1,116673.7692,69.07211538
11252,2507,369809,1,0,116422.125,46.42788462
63129,11067,3725373,1,0,116099.5288,10.49038462
5583,1932,170043,1,0,115786.1394,59.91346154
6787,2367,891054,1,0,115724.0673,48.88942308
71042,8223,453673,1,0,115677.4471,14.06730769
9037,3027,149697,1,1,115492.7596,38.14423077
19774,3489,798784,1,0,115415.2644,33.07692308
20964,4992,1323287,1,1,115350.0144,23.10576923
24754,3511,239695,1,0,115281.8029,32.83173077
20675,4578,252466,1,0,114754.774,25.0625
15590,1901,210539,1,0,114706.6971,60.33653846
56541,7483,3874875,1,0,114518.0433,15.30288462
45771,4399,482368,1,1,114082.5,25.93269231
10894,3296,129299,1,0,113866.0048,34.53846154
19010,5258,1617853,1,1,113839.0337,21.64903846
18743,2076,148300,1,0,113615.2788,54.70673077
72818,5290,253957,1,0,113421.3462,21.4375
2369,694,110015,1,0,112739.7596,162.2451923
26186,1771,92699,1,0,112336.101,63.40865385
25509,6367,731875,1,0,112313.5817,17.63942308
38667,3038,244791,1,0,112167.7212,36.92307692
7370,1622,108374,1,0,111865.2356,68.96634615
108995,3649,1674126,1,0,111715.5192,30.61057692
124035,3831,3867295,1,1,111495.5096,29.09615385
102377,6567,464928,1,0,111137.1106,16.92307692
8921,2341,106990,1,1,110966.4423,47.39423077
29470,2829,237152,1,0,110426.8606,39.02403846
12005,3021,166017,1,0,110165.5048,36.46634615
12848,4041,284184,1,0,110142.5144,27.25480769
9402,2555,160427,1,0,110102.9856,43.07692308
34869,2660,341028,1,1,109993.7356,41.34134615
15327,4353,911324,1,0,109819.0577,25.22596154
53526,4739,1067215,1,0,109254.9423,23.05288462
77642,754,424418,1,0,109069.2788,144.5961538
40023,3537,625896,1,1,108963.7548,30.80769231
153559,53660,687961,1,0,108868.9231,2.028846154
15954,4305,888453,1,0,108803.5481,25.26923077
23564,6369,379062,1,0,108769.3125,17.07692308
26082,3303,334492,1,1,108305.9712,32.78846154
7130,2120,855977,1,0,108255.6202,51.0625
15593,3724,672819,1,0,108176.1587,29.04807692
51689,2765,160571,1,0,108161.649,39.11057692
11324,2959,833220,1,0,107917.7596,36.46634615
158444,10644,4460643,1,0,107878.8029,10.13461538
38435,8193,1334556,1,0,107859.6923,13.16346154
33588,1753,219148,1,1,107754.774,61.4375
142233,21030,1306561,1,0,107679.3654,5.120192308
25687,5204,485514,1,0,107442.7885,20.64423077
6193,1920,369600,0,1,107409.1442,55.92307692
5273,1223,42012,1,0,107198.399,87.63461538
17185,2070,134606,1,1,107157.25,51.76442308
1624,647,571049,1,0,106789.1971,165.0769231
29282,5422,418407,1,0,106379.9712,19.62019231
35530,9085,9332986,1,0,106236.9038,11.69230769
12762,5540,421990,1,0,106021.2548,19.13461538
19622,4080,316820,1,0,105956.0288,25.96634615
7421,1849,116105,1,0,105822.4567,57.22115385
22365,5440,1025736,1,0,105172.2933,19.33173077
9665,3104,341019,1,0,104911.0481,33.79326923
12395,1901,197999,1,0,104864.399,55.13461538
60684,3219,384684,1,0,104587.3558,32.48557692
45093,4087,1856435,1,0,104436.4423,25.55288462
16154,3681,793652,1,0,104206.8317,28.30288462
19442,5744,273689,1,0,104084.6058,18.12019231
18136,1598,1051557,1,1,103853.6635,64.96153846
65012,9038,271630,1,0,103681.4856,11.47115385
8073,2780,351155,1,1,103592.5144,37.25961538
6629,1799,146403,1,1,102895.8413,57.17307692
15288,4144,775787,1,1,102876.4183,24.82211538
65954,11813,628779,1,0,102859.9952,8.706730769
45315,10109,1718281,1,1,102790.375,10.16826923
16456,5485,419937,1,0,102658.4808,18.71634615
31766,5702,595949,1,1,102510.9183,17.97596154
38127,10687,2045004,1,0,102451.125,9.586538462
42915,3718,624563,1,0,102094.8125,27.45673077
8027,2111,180379,1,1,102068.1298,48.35096154
18241,2242,439356,1,0,102040.8221,45.49519231
21989,2312,139196,1,0,101988.4808,44.10576923
14717,1714,563266,1,0,101966.2933,59.47596154
11846,606,163338,1,0,101936.524,168.1730769
5488,2385,164037,1,0,101843.8077,42.6875
76912,3465,483681,1,0,101523.5817,29.29807692
690360,2564,1864594,1,0,101481.2788,39.5625
12840,1896,2581025,1,0,101431.5625,53.47596154
15451,2801,335734,1,0,101172.6827,36.11057692
20075,1774,266777,1,0,100796.7885,56.82211538
354755,6939,1017866,1,0,100652.6971,14.50480769
46723,8611,301635,1,0,100642.2404,11.6875
3285,602,106459,1,0,100533.9952,166.8653846
17144,2829,698191,1,0,100496.2452,35.51442308
34590,2219,960000,1,0,100051.0817,45.08173077
11221,2228,328865,1,0,99938.40385,44.84615385
16262,634,2217299,1,0,99906.36538,157.4519231
38290,2480,413123,1,0,99604.33654,40.15865385
17229,5947,188330,1,0,99424.57692,16.71634615
15642,2801,639523,1,0,99410.33173,35.49038462
66410,1834,373188,1,1,99099.86058,54.00961538
3619,970,18437,1,0,98614.86538,101.6490385
4522,1007,267160,1,1,98595.30769,97.83173077
15015,1916,217700,1,0,98565.05769,51.44230769
30437,3257,171721,1,1,98486.07212,30.23076923
16453,2627,220172,1,0,98101.83654,37.33653846
15482,3707,428376,1,1,97986.12981,26.42788462
29211,2082,1780635,1,0,97689.12019,46.90865385
17798,1887,736250,1,0,96554.27404,51.15865385
16654,5563,447095,1,0,96505.96154,17.34615385
409724,5533,583166,1,1,95723.66346,17.29807692
13724,569,92883,1,0,95692.58654,168.0528846
15231,2666,366212,1,0,95290.54327,35.73076923
15990,1566,238278,1,0,95214.84135,60.76923077
8157,1961,397941,1,0,95194.65865,48.54326923
66714,3151,990561,1,0,95147.35096,30.19230769
8944,1651,413220,1,0,94924.32212,57.47115385
11210,1742,320987,1,1,94725.41346,54.37019231
58197,25352,25670,0,0,94704.09615,3.735576923
21755,2894,333704,1,0,94573.69231,32.67788462
16471,3035,713045,1,0,94509.81731,31.13461538
18259,3453,531095,1,1,94161.78846,27.26442308
13925,1766,238578,1,1,94039.44231,53.24038462
20684,1247,2098115,1,0,93886.86058,75.26442308
19051,5156,753682,1,1,93662.70673,18.16346154
5298,1442,405497,1,1,93598.38462,64.88461538
13222,2380,320177,1,0,93586.90385,39.32211538
33345,3792,1050653,1,0,93363.87019,24.62019231
16356,3518,658806,1,0,93256.13462,26.50480769
13193,2780,129661,1,0,93081.14423,33.47596154
4253,1321,96908,1,0,92946.07212,70.34615385
20278,5449,502098,0,0,92746.75962,17.01923077
62536,3042,2580755,1,0,92449.38462,30.38461538
80328,4214,1601674,1,0,92426.77885,21.93269231
23333,551,315828,1,0,92322.03365,167.2644231
8428,1750,473780,1,0,92265.33654,52.71634615
17169,3367,672581,1,0,92068.79327,27.34134615
144956,73647,7251801,1,0,91704.75481,1.245192308
16800,2093,1659975,1,0,91664.75962,43.77884615
13801,3755,472134,1,0,91552.91346,24.37980769
5036,1825,170956,1,0,91517.96154,50.13942308
26304,2693,1453266,1,0,91457.48558,33.95192308
19620,2440,150669,1,0,91386.23558,37.45192308
6422,1634,1548385,1,0,91357.73077,55.88461538
38554,4386,390819,1,0,91177.67308,20.78846154
24637,4014,337922,1,0,90878.13942,22.63461538
191848,20002,466632,1,0,90299.11538,4.514423077
10007,1573,571427,1,0,90233.70192,57.33173077
27731,2390,430190,1,0,89856.65865,37.59134615
52747,6047,561598,1,0,89788.67788,14.84615385
41990,535,392718,1,0,89767.48558,167.7788462
3373,648,148338,0,0,89683.61538,138.3605769
10366,2824,207350,1,1,89656.59135,31.74038462
201960,20725,1706010,1,0,89277.75481,4.307692308
13014,1997,180929,1,0,89116.57212,44.60576923
8646,1915,658594,1,0,88980.02885,46.45192308
7900,1682,248811,1,1,88731.625,52.73076923
9726,3247,777484,1,0,88687.65865,27.3125
14016,2904,182981,1,0,88574.35577,30.5
13697,3914,1358599,1,0,88504.02885,22.61057692
21841,4616,390069,1,1,88416.17308,19.15384615
5570,525,780177,1,0,88370.71635,168.2980769
28679,4992,1273894,1,0,88262.50481,17.67788462
46355,4922,1111170,1,0,88222.1875,17.92307692
31560,6610,418884,1,0,88197.82692,13.34134615
17190,2876,744153,1,0,87928.19231,30.5625
7613,2526,229381,0,0,87851.22115,34.77884615
14433,2031,504790,1,0,87737.95673,43.17788462
15271,541,249184,1,0,87647.28365,161.7451923
69000,7579,433340,1,0,87603.16346,11.55769231
24977,2231,230359,1,0,87585.64904,39.25
18802,3905,101891,1,0,87579.04808,22.42307692
3934,1260,136351,1,0,87280.41346,69.23557692
50253,1879,1060709,1,0,87048.93269,46.32211538
26160,2959,196975,1,0,87019.07212,29.39903846
11058,3059,251443,1,1,86938.03846,28.41346154
6432,1951,368788,1,0,86659.80288,44.41346154
22113,8014,844384,1,0,86658.47115,10.8125
8936,2650,276674,1,1,86626.36538,32.6875
23044,3602,284134,1,0,86604.14423,24.03846154
30173,4777,333939,1,0,86344.42788,18.07211538
7519,2845,294395,1,0,86002.49038,30.22115385
71515,8410,1402379,1,0,85968.59135,10.22115385
26022,2819,183376,1,0,85947.83654,30.48557692
13046,1727,203225,1,0,85744.61058,49.64423077
34713,787,437055,1,0,85709.53365,108.8221154
16950,5045,309697,1,0,85670.8125,16.98076923
11555,4227,816621,1,1,85539.16346,20.23557692
8083,2009,457778,1,0,85327.20673,42.46634615
28511,2215,1645879,1,0,85217.88462,38.46153846
86632,6280,407714,1,0,85120.97596,13.55288462
6094,2277,64925,1,0,84969.35096,37.30288462
11798,1773,217321,1,0,84627.54808,47.71634615
3637,1768,233362,1,0,84472,47.77403846
9917,848,617309,1,1,84421.40385,99.51923077
30487,3083,194897,1,0,84253.6875,27.32211538
8903,1962,216061,1,0,84135.82692,42.86538462
4037,1810,171898,1,1,84061.64423,46.44230769
24136,4428,382589,1,0,84042.32212,18.97596154
5706,957,129991,1,0,83954.86538,87.70192308
19746,5215,359571,1,0,83850.03846,16.07692308
28253,6295,696063,1,0,83388.65865,13.24519231
8422,2478,267296,1,0,83310.39423,33.61538462
36579,11707,782919,1,0,83195.4375,7.105769231
10195,1842,429301,1,0,83054.54808,45.07692308
6020,1855,1619878,1,0,83046.57692,44.76923077
286930,30691,2040669,1,0,82925.38462,2.701923077
21913,2091,261387,1,0,82710.90385,39.55288462
19020,3155,522776,1,0,82678.4375,26.20192308
23351,3650,526955,1,0,82583.96154,22.62019231
15974,2099,615506,1,0,82562.86058,39.32211538
39859,5072,111135,0,0,82543.53846,16.27403846
5882,1744,47268,1,0,82529.71154,47.3125
9066,2350,501608,1,0,82494.53846,35.10096154
10225,1300,283962,1,0,82349.64423,63.30769231
32916,2261,202923,1,0,82287.53365,36.38461538
7339,2050,308506,1,1,82116.84135,40.05288462
13653,2638,794299,1,0,82091.22115,31.11057692
22818,10591,1232846,1,0,82033.73558,7.745192308
2021,521,368622,1,0,81518.83654,156.4182692
8112,1772,210701,1,1,81513.09135,46
12659,2388,762311,1,0,81510.24519,34.125
13115,2236,989758,1,0,81094.80769,36.25961538
27190,1534,303512,1,0,81075.375,52.82211538
8857,2165,473571,1,1,81047.02885,37.42307692
17886,1330,502595,1,0,81038.75481,60.92788462
4261,1829,379500,1,0,81023.28365,44.28846154
17777,2824,123740,1,0,80627.24519,28.54807692
16373,4270,1238424,1,0,80452.78846,18.84134615
6581,4136,158988,1,1,80330.61058,19.41826923
6282,1879,696661,1,0,80309.09615,42.72596154
23019,2731,262122,1,1,80271.6875,29.38942308
45305,4793,1142501,1,0,80238.77885,16.74038462
12864,2719,317261,1,1,80020.19712,29.42307692
16531,7529,674253,1,0,79895.21635,10.61057692
7600,2414,473696,1,1,79742.17308,33.01923077
22382,3061,408300,1,0,79448.04808,25.94711538
17178,3731,2002572,1,1,79405.71154,21.27884615
125195,14114,1677527,1,0,79391.98558,5.625
4275,1196,120596,1,1,79331.53846,66.29326923
9958,1548,747057,1,0,79282.09135,51.21634615
19859,3770,296831,1,0,79270.49038,21.02403846
21725,5902,1051942,1,1,79082.95192,13.39903846
14168,2910,1166858,1,1,78919.67308,27.12019231
12470,1869,296008,1,0,78872.42308,42.17788462
29686,8223,1779005,1,0,78676.08654,9.567307692
53819,22472,3663604,1,0,78655.14423,3.5
13691,3064,293380,1,1,78596.07212,25.64423077
17925,4200,555311,1,0,78459.05769,18.67788462
12357,2182,297690,1,0,78352.43269,35.89903846
6242,1631,90348,1,0,78340.72115,48.01923077
91829,23645,1307720,1,1,78099.92788,3.302884615
23475,4082,2212351,1,0,78000.14423,19.10576923
23337,4498,458207,1,0,77835.61058,17.30288462
5170,1888,97392,1,0,77827.46635,41.20673077
10628,2979,67779,1,0,77794.93269,26.11057692
11519,1302,412029,1,1,77777.03365,59.71153846
38417,5000,808057,1,0,77572.92308,15.51442308
11448,1300,556565,1,0,77421.64423,59.53846154
41829,1089,394771,1,0,77314.17308,70.96634615
22401,5278,457423,1,0,77141.61538,14.61538462
30662,1362,1305099,1,0,77130.49519,56.60576923
13482,490,310816,1,1,77076.75962,157.2211538
12901,1884,950848,1,0,77055.52404,40.88461538
32597,4148,610288,1,0,76793.08173,18.50961538
13335,2165,1138676,1,0,76594.3125,35.375
24833,7807,1484693,1,0,76494.48558,9.798076923
19984,2148,120690,1,1,76338.85577,35.52403846
10704,2479,257459,1,0,76245.89904,30.75
6800,457,244407,1,0,76222.97596,166.6778846
8528,2406,890347,1,0,76211.82692,31.66346154
13797,6259,1214182,1,0,76022.01442,12.14423077
53931,13126,716780,0,0,75980.0625,5.788461538
42766,2663,1300123,1,0,75922.37019,28.50961538
53585,9543,426865,1,0,75842.59135,7.947115385
39070,2982,382390,1,0,75677.80288,25.375
13415,3090,3295962,1,0,75673.40865,24.48557692
962,448,111348,1,0,75580.63942,168.3605769
8350,1404,115940,1,0,75472.44712,53.75480769
26787,1776,1334052,1,1,75450.16827,42.47115385
86085,10714,923808,0,1,75257.19712,7.024038462
9380,3218,272007,1,0,75174.42308,23.35576923
19498,1461,190050,1,0,75138.17308,51.41346154
37733,6006,11403035,1,0,75108.19712,12.50480769
14341,1238,692020,1,1,75086.875,60.625
12033,2097,361935,1,0,74957.54808,35.74038462
10706,4292,696735,1,0,74774.99038,17.41826923
26296,3117,820834,1,0,74765.22115,23.98557692
14720,3110,1167453,1,0,74718.89904,24.02403846
4283,1426,406396,1,0,74680.65865,52.36538462
187871,21103,647907,1,0,74673.70673,3.538461538
20263,1804,131283,1,0,74664.87981,41.37019231
39899,5064,189023,1,0,74620.04327,14.73557692
26362,3151,174073,1,0,74546.48077,23.65384615
14361,2117,484160,1,1,74482.32212,35.17788462
12949,1870,86800,1,0,74246.24038,39.70192308
18034,3861,102708,1,0,74214.99038,19.22115385
16554,529,290152,1,0,73837.44231,139.5144231
27001,3125,507785,1,1,73682.29327,23.57692308
14103,1287,170079,1,0,73558.87019,57.11538462
71396,11974,2435790,1,0,73519.07692,6.139423077
2927,1301,163611,1,0,73494.46635,56.49038462
5921,2613,392687,1,0,73455.75962,28.10576923
11484,1912,95155,1,1,73449.87981,38.39423077
13585,2604,1199755,1,0,73440.10096,28.19230769
20339,1847,564948,1,0,73243.09615,39.64903846
8466,1735,115727,1,0,73204.60577,42.16826923
5120,1986,112650,1,0,72595.36058,36.55288462
10892,1115,766375,1,0,72452.125,64.95673077
11524,2418,318892,1,1,72430.93269,29.95192308
10629,2844,281405,1,1,72392.27404,25.45192308
8167,2179,114638,1,0,72312.56731,33.17307692
10713,1717,259101,1,0,72273.26442,42.08173077
21244,3032,620448,1,1,72221.26923,23.81730769
6786,1497,220806,1,0,72204.58654,48.20673077
26872,4276,580484,1,0,72084.52885,16.85576923
1223,434,569953,1,1,71940.89423,165.75
3771,1568,103078,1,0,71919.92788,45.86538462
16785,3839,2158407,1,0,71796.66827,18.70192308
12621,1604,207876,1,1,71768.17788,44.72596154
21316,1689,203837,1,0,71743.71154,42.45673077
8966,2575,389791,1,0,71712.46154,27.84134615
23515,2330,130521,1,0,71599.28365,30.72115385
46383,7655,671841,1,0,71588.12019,9.350961538
12340,4406,498710,1,0,71555.51923,16.24038462
16539,3012,533665,0,0,71529.58654,23.74519231
11428,1851,211826,1,0,71497.68269,38.61057692
5434,1837,33410,1,0,71442.80288,38.88942308
11895,3195,380502,1,0,71394.26923,22.34134615
9841,1163,596507,1,1,71388.70192,61.34615385
74775,7179,1055993,1,0,71305.28846,9.932692308
81686,21636,737048,1,0,71254.91346,3.293269231
11176,2155,180101,1,0,71063.63462,32.97115385
14769,2305,932946,1,0,70900.03365,30.75961538
12456,1664,142989,1,0,70891.31731,42.59615385
12086,1748,231965,1,0,70843.41346,40.52884615
18638,2826,152882,1,0,70811.79808,25.04807692
17654,4629,1042927,1,1,70706.92788,15.27403846
8640,1932,277568,1,0,70679.98077,36.56730769
17009,2393,611630,1,1,70665.55769,29.52403846
18250,3638,824683,1,0,70642.98558,19.41346154
8634,1748,135653,1,0,70579.04808,40.37019231
16772,1448,124101,1,0,70433.69712,48.625
18678,2418,173127,1,0,70429.07212,29.125
8423,1658,192967,1,0,70407.01442,42.45192308
6855,1998,4687561,1,0,70366.27404,35.20673077
5619,2448,840329,1,0,70311.32692,28.71634615
7448,1588,176478,1,0,70116.91346,44.12980769
17787,1481,100432,1,0,69933.23558,47.20192308
13057,3185,1506331,1,0,69903.21154,21.94711538
9425,1523,131113,0,0,69787.34135,45.81730769
16090,2457,548605,1,0,69730.89423,28.375
8166,2319,155782,1,1,69656.74038,30.03365385
65047,12446,2598190,1,1,69653.41827,5.596153846
8059,2042,111296,1,0,69397.28846,33.98557692
15575,1802,1206957,1,0,69363.08173,38.47115385
16142,5184,180720,1,0,69324.75481,13.37019231
3895,1594,156595,1,0,69324.75,43.46634615
7753,2605,271289,1,1,69300.16346,26.60096154
14588,3105,604249,1,0,69299.19231,22.31730769
12531,2048,476872,1,0,69262.21154,33.81730769
4521,1683,141931,1,1,69175.70673,41.08653846
13558,1480,153227,1,1,69073.20192,46.66826923
10997,1905,313147,1,1,69014.50481,36.22115385
28514,2788,588547,1,1,68739,24.64903846
15672,2488,422480,1,0,68736.14423,27.625
19902,5353,409333,1,0,68716.11058,12.83653846
7554,1921,153563,1,0,68649.11058,35.72596154
14189,2227,836073,1,0,68581.65385,30.78365385
7942,2497,160397,1,1,68509.70192,27.4375
69912,21602,1466313,1,0,68233.41346,3.158653846
17869,1173,211215,1,0,68152.00481,58.05288462
9567,1864,230332,1,0,68121.54327,36.52884615
17765,6176,1004564,1,1,68120.40865,11.02884615
30984,4417,865161,1,0,68002.05288,15.39423077
10482,2339,598661,0,0,67999.4375,29.0625
10817,1834,1585464,1,0,67968.25481,37.05288462
10688,2688,537001,1,0,67953.89904,25.27403846
6597,1901,302168,1,1,67924.35577,35.71634615
4559,1218,185123,1,0,67884.23077,55.6875
28492,4924,1862673,1,0,67855.75962,13.77884615
6292,1748,931072,1,1,67812.71635,38.79326923
6881,1476,349372,1,1,67790.92788,45.90865385
26423,4733,833723,1,0,67719.95673,14.30769231
7716,2142,592448,1,1,67585.55288,31.54326923
45306,6932,231378,1,0,67489.77885,9.735576923
4010,1585,204027,1,0,67470.44712,42.53846154
35481,1516,264104,1,1,67431.27404,44.45192308
8081,3047,336031,1,0,67155.55769,22.03846154
36188,3446,220414,1,0,67064.00962,19.45673077
8245,1518,148997,1,0,67058.77885,44.16826923
24832,1314,360304,1,0,67032.42788,50.99038462
14888,3521,561166,1,0,66982.08173,19.01923077
18765,7068,1280532,1,0,66949.00481,9.471153846
14295,1234,261997,0,0,66856.54808,54.14423077
14425,3278,2860900,1,0,66816.5625,20.37980769
6539,2829,99929,1,0,66731.03846,23.58173077
27139,622,951993,1,0,66597.98077,106.9375
8031,1608,647490,1,0,66562.52885,41.39423077
12287,1849,344080,1,1,66414.29808,35.90865385
10636,1813,413371,1,0,66326.76442,36.57692308
9939,3043,130176,1,1,66323.64904,21.78846154
64504,1186,237052,1,0,66247.34615,55.83173077
15918,3982,1073152,1,0,66194.46635,16.62019231
14154,1273,203330,1,0,66136.26442,51.91826923
20586,1359,1080339,1,0,66093.55288,48.62019231
11334,2069,91358,1,0,66053.26442,31.91826923
33294,2970,106706,1,0,65998.13942,22.22115385
7740,1159,116784,1,0,65714.32692,56.69230769
20345,3535,214076,1,0,65582.30769,18.54807692
29128,1282,1989766,1,0,65573.875,51.125
7861,1383,213039,1,0,65497.58173,47.36057692
9187,2231,83015,1,0,65352.14423,29.28365385
10017,1958,112254,1,0,64980.98077,33.17788462
17057,2032,165555,1,0,64712.69712,31.83653846
4048,1776,61867,1,0,64646.78846,36.38461538
7305,1380,441743,1,0,64375.24519,46.64423077
22476,2708,804041,1,1,64270.28846,23.73076923
8056,1072,115302,1,0,63990.03846,59.65384615
13599,2741,1499495,1,0,63903.74519,23.30769231
8107,2211,592120,1,0,63888.22115,28.89423077
7456,1243,1059773,1,1,63867.25481,51.37980769
52878,3599,132231,1,0,63740.73077,17.70673077
5943,1871,175393,1,0,63709.86058,34.03846154
6390,2113,71623,1,0,63557.92788,30.06730769
9825,1719,320485,1,0,63533.37019,36.95673077
55598,1625,647142,1,0,63473.70673,39.05288462
22368,2323,212058,1,0,63427.8125,27.30288462
9419,1987,323857,1,0,63425.86058,31.90865385
3909,1202,141189,1,0,63362.30288,52.69711538
34880,6258,1110873,1,0,63333.04327,10.12019231
8441,1179,450415,1,0,63304.10096,53.66826923
13240,1877,912437,1,0,63118.92308,33.62019231
3886,1890,492314,1,1,63091.42308,33.37019231
4682,1905,127025,1,0,62885.54327,33.00961538
112381,4986,3169017,1,0,62876.63942,12.61057692
5519,2186,63761,1,0,62840.57212,28.74038462
22535,2645,553289,1,0,62820.625,23.74519231
14673,2886,176662,1,0,62714.29327,21.73076923
17422,4716,336996,1,0,62671.70673,13.28846154
31319,8492,704726,1,0,62629.11538,7.375
10498,1141,93942,1,0,62579.42308,54.82692308
15803,3725,1828674,1,0,62486.34615,16.77403846
7934,1400,127733,1,0,62420.35096,44.58173077
8609,2291,296387,1,1,62416.14904,27.23557692
8052,1299,231779,1,1,62391.55769,48.01442308
12957,2401,1715064,1,0,62358.625,25.97115385
6548,1337,322711,1,0,62184.76923,46.49038462
19673,4993,343702,1,0,62174.82212,12.45192308
23128,3939,268787,1,0,62171.89423,15.78365385
16521,1444,1256433,1,0,62160.8125,43.02884615
20476,3108,2713442,1,0,62061.89423,19.96634615
12165,1556,989476,1,0,62046.34135,39.85576923
5793,2784,471378,1,1,62034.16346,22.27884615
5149,1101,296517,1,0,61955.29808,56.25961538
1546,415,242383,1,0,61916.94712,149.0817308
5450,1627,354906,1,0,61827.0625,37.99519231
28037,3173,479809,1,0,61805.67308,19.47596154
13467,1561,69257,1,0,61793.23558,39.57692308
16293,1240,457917,1,0,61780.35096,49.8125
21694,3635,2957433,1,0,61762.36538,16.99038462
10037,1939,238815,1,0,61697.51923,31.81730769
6350,1767,211227,1,0,61670.18269,34.88942308
5209,366,363382,1,0,61663.19712,168.1346154
5053,1606,558529,1,0,61612.23558,38.35096154
4673,1543,172234,1,0,61540.64423,39.875
18910,1286,800707,1,0,61536.12981,47.83173077
10389,2371,69800,1,0,61520.95192,25.94711538
10364,1515,322478,1,0,61333.48077,40.48076923
4335,1188,254862,1,0,61035.92788,51.36057692
4472,1552,542722,1,1,60881.49519,39.21634615
12864,955,125183,1,0,60867.25481,63.70673077
7749,1378,230408,1,1,60810.8125,44.125
8279,1484,446197,1,0,60801.9375,40.96634615
4721,844,92379,1,0,60608.96154,71.75961538
6716,1300,368227,1,0,60581.09135,46.57211538
37109,2069,401822,0,0,60478.27885,29.22115385
5188,1415,61139,1,0,60453.64423,42.70192308
26037,3118,937143,1,0,60293.40865,19.33653846
12821,1595,232649,1,1,60288.80769,37.77884615
6353,2680,174727,1,1,60203.47115,22.45673077
19900,1937,176785,1,0,60190.11058,31.07211538
5567,1906,173946,1,1,60081.9375,31.50961538
13052,1062,521638,1,0,60049.82212,56.52403846
16784,2879,503785,1,0,59916.97596,20.80769231
2906,841,137501,1,1,59881.44231,71.14423077
9976,2455,161663,1,1,59869.09615,24.37980769
24936,2038,370443,0,1,59828.625,29.35096154
9833,1552,354127,1,0,59816.40865,38.51923077
59413,2812,508842,1,0,59725.41346,21.23557692
6249,1456,54243,1,1,59719.83173,41
4683,1464,379166,1,0,59710.86538,40.78365385
5609,1845,129425,1,1,59680.63462,32.34615385
47082,3926,1472680,1,0,59646.63942,15.19230769
19901,1175,223809,1,0,59627.90865,50.73076923
14130,1673,362739,1,0,59610.5,35.61057692
6922,1247,115294,1,0,59602.37019,47.79326923
12516,3825,1166031,1,0,59593.11058,15.57692308
4482,1139,247304,1,0,59427.66827,52.17307692
17651,1735,121277,1,1,59381.85096,34.20673077
7632,1151,55979,0,0,59365.62019,51.5625
15261,1717,468708,1,0,59312.21154,34.52884615
8013,1931,232977,1,0,59270.21154,30.6875
4045,1698,57113,1,1,59160.58173,34.82211538
39767,11952,1776780,1,1,59132.22115,4.947115385
7874,1770,802651,1,0,59125.36058,33.38942308
6145,1129,584626,1,0,59118.01923,52.35096154
3628,1240,71596,1,0,59104.36058,47.66826923
15827,1362,592761,1,0,58875.90865,43.20673077
34702,2100,476178,1,0,58801.28365,27.99038462
29319,1784,331842,1,1,58746.70192,32.91346154
1395,372,164058,1,0,58662.02404,157.5096154
5845,1569,1041901,1,1,58592.65385,37.34134615
1891,561,57047,0,1,58559.36538,104.2259615
8994,1385,249969,1,0,58431.81731,42.18269231
10053,1704,192694,1,0,58389.79808,34.25480769
32009,1522,466584,1,0,58338.3125,38.30769231
14182,3950,260994,1,0,58300.58654,14.75961538
19612,2296,131985,1,0,58225.61538,25.35576923
18115,3693,479851,1,0,58055.07212,15.72115385
5800,1598,319312,1,1,57993.60096,36.27403846
55612,7641,4470111,1,0,57858.25,7.572115385
9867,1520,142653,1,0,57831.40865,38.02403846
77934,1698,430771,1,1,57760.06731,34.00480769
4227,929,28413,1,0,57756.84135,62.15384615
6222,967,67606,1,0,57720.71635,59.66346154
10407,989,313753,1,0,57687.08654,58.28846154
16323,2205,279013,0,0,57682.38462,26.15865385
28919,3618,102050,0,0,57617.11538,15.92307692
8065,869,230585,1,0,57544.68269,66.16346154
15382,2108,282903,1,1,57537.98558,27.28846154
13944,1162,555129,1,0,57495.21635,49.47596154
4049,1817,714794,1,0,57468.73558,31.62019231
3974,1324,462146,1,0,57424.55288,43.35576923
10725,1565,336408,1,0,57409.72115,36.67307692
4385,1084,267681,1,0,57384.62019,52.90865385
26755,3791,654325,1,0,57377.56731,15.13461538
20198,2984,719484,1,0,57371.23077,19.22115385
33909,2032,806312,1,0,57342.40385,28.20673077
62034,2065,3221687,1,0,57302.98077,27.74519231
12484,1264,1533419,1,1,57255.33654,45.26442308
19572,2193,126424,1,0,57137.36058,26.05288462
12808,1587,140631,1,0,57133.60096,35.98557692
18947,1810,1298655,1,0,57127.19712,31.55288462
28252,3128,603380,1,0,57099.20673,18.25480769
15474,3641,173585,1,0,57015.44231,15.65865385
24213,13606,771309,1,1,56975.57212,4.1875
13611,3176,470053,1,0,56950.91827,17.93269231
13737,1001,617162,1,0,56822.04808,56.73557692
3919,1242,66982,1,0,56682.83173,45.63461538
9857,1474,195751,1,0,56650.55769,38.41346154
54636,9344,700417,1,0,56561.58173,6.052884615
156705,31444,6325133,1,0,56539.18269,1.798076923
18907,2879,183746,1,0,56516.63462,19.625
109321,4927,6820911,1,0,56408.29327,11.44711538
4220,1621,102223,1,1,56359.07212,34.75480769
24325,3782,259294,1,0,56347.86058,14.89903846
8872,2095,516892,1,0,56324.75481,26.875
10901,1955,253240,1,1,56258.40385,28.76923077
5239,662,53528,1,0,56243.37981,84.93269231
7462,1049,112288,1,0,56173.75,53.51923077
3827,1065,186575,1,1,56162.21635,52.70192308
19575,3243,249505,1,0,56054.64904,17.28365385
25020,1485,960965,1,0,56000.68269,37.69711538
45933,1477,141070,1,0,55992.42788,37.89423077
4921,1322,1093377,1,0,55928.46154,42.28846154
38965,1807,982442,1,0,55912.08173,30.93269231
22632,1037,884468,1,0,55827.02885,53.82211538
4608,1195,840418,1,0,55693.5625,46.58173077
24843,1540,768192,1,0,55636.17308,36.11538462
72957,2443,499107,1,0,55608.79808,22.75961538
10198,1411,253599,1,0,55512.56731,39.34134615
7333,1187,137639,1,0,55494.98077,46.74519231
9371,3318,302551,1,0,55493.47596,16.72115385
10742,2891,778322,1,0,55488.41346,19.1875
2694,1330,183054,1,0,55432.78846,41.66826923
2732,1076,128338,1,0,55394.14423,51.46153846
12951,1236,315956,1,0,55301.39423,44.72115385
71983,11440,2591600,1,0,55278.30769,4.831730769
9485,3507,238123,1,0,55269.27404,15.75961538
42706,2531,847218,1,0,55188.51923,21.79807692
5468,1245,324448,1,0,55154.96154,44.28846154
10774,2618,193532,1,0,55005.95673,21.00961538
5759,1362,109030,1,0,54996.77885,40.37019231
18869,1978,372527,1,0,54988.83654,27.78846154
8398,1425,296008,1,0,54988.58654,38.56730769
7758,1061,106016,1,0,54968.44231,51.77403846
88152,2766,738457,1,1,54958.99519,19.86538462
13870,2029,165604,1,0,54932.67788,27.0625
7619,1681,172401,1,0,54884.77404,32.63461538
8111,964,115004,1,0,54819.07212,56.82692308
10247,1181,496942,1,1,54741.95192,46.34615385
