id_number,Channel,Watch time,Stream time,Peak viewers,Average viewers,Followers Prev Yr,Followers,Followers gained,Followers gained percent,Language,Partnered,Mature
1,KaiCenat,6917573295,111585,348593,61993,4101063,9043160,4942097,1.205077074,English,1,0
2,Gaules,6622047810,521235,253831,12704,3821821,4061076,239255,0.062602356,Portuguese,1,1
3,ibai,6263825640,82980,3442745,75485,12241985,15430621,3188636,0.260467236,Spanish,1,0
4,xQc,5740774005,111765,126238,51364,11483408,11981015,497607,0.043332694,English,1,0
5,fps_shaka,5015411025,211860,125341,23673,1053268,1367770,314502,0.298596369,Japanese,1,0
6,kingsleague,4808510700,36330,1098636,132356,685273,3043007,2357734,3.440576237,Spanish,1,0
7,tarik,4397973510,140745,215660,31247,2426465,2967235,540770,0.222863301,English,1,0
8,HasanAbi,3849415755,150030,82098,25657,2323232,2562946,239714,0.103181258,English,1,0
9,eliasn97,3802581165,160065,152249,23756,1401412,1789303,387891,0.276785842,German,1,0
10,IlloJuan,3737012790,98280,151594,38024,2920113,3998038,1077925,0.369138112,Spanish,1,0
11,한동숙 (handongsuk),3416028195,179685,166223,19011,545416,656754,111338,0.204134092,Korean,1,0
12,loud_coringa,3328742745,110610,205471,30094,3970500,5064402,1093902,0.275507367,Portuguese,1,0
13,summit1g,3220207860,233130,48921,13812,6170264,6250676,80412,0.013032181,English,1,0
14,PaulinhoLOKObr,3054694995,49665,266793,61506,1727377,2805389,1078012,0.624074536,Portuguese,1,0
15,ESLCS,3039775005,486285,295493,6250,5893277,6272711,379434,0.064384213,English,1,0
16,加藤純一です (kato_junichi0817),3003643215,139920,105954,21467,726973,890549,163576,0.225009732,Japanese,1,0
17,zackrawrr,2968378320,146070,207866,20321,1164217,1714324,550107,0.472512427,English,0,0
18,Papaplatte,2855306805,161895,120011,17636,1668191,2159527,491336,0.294532221,German,1,0
19,auronplay,2804746725,53865,360947,52069,14546349,16137856,1591507,0.109409378,Spanish,1,0
20,Cellbit,2798377740,128295,215165,21811,2573085,3304282,731197,0.284171335,Portuguese,1,1
21,otplol_,2797562610,509265,166788,5493,636012,711679,75667,0.118971026,French,1,0
22,Fextralife,2661562515,150090,127557,17733,1445415,1600214,154799,0.107096578,English,1,0
23,Jynxzi,2351358060,136335,102970,17246,1594649,4615150,3020501,1.894147866,English,1,0
24,shroud,2349633915,144330,156716,16279,10459150,10760732,301582,0.028834274,English,1,0
25,우왁굳 (woowakgood),2325432015,125340,65775,18552,934877,1044291,109414,0.117035717,Korean,1,0
26,NoWay4u_Sir,2290522215,187920,48646,12188,590568,661198,70630,0.119596727,German,1,0
27,Nix,2276896935,62055,272205,36691,442515,760715,318200,0.71907167,Russian,1,1
28,k3soju,2233826220,146310,30882,15267,445286,563099,117813,0.264578271,English,1,0
29,ElSpreen,2212321215,48480,403954,45633,6303875,9064326,2760451,0.437897484,Spanish,1,0
30,LIRIK,2209898940,125355,56762,17629,2917255,2961886,44631,0.015298971,English,1,0
31,Rubius,2164172550,87960,357257,24603,13404407,14848698,1444291,0.107747474,Spanish,1,0
32,BLASTPremier,2076746145,50430,440432,41180,1479203,1899354,420151,0.28403877,English,1,0
33,풍월량 (hanryang1125),2064079320,166740,35130,12378,599299,617352,18053,0.030123528,Korean,1,0
34,Kamet0,2062544310,121530,137733,16971,1564860,1834264,269404,0.172158532,French,1,0
35,Quin69,1993852185,176880,53894,11272,723245,822139,98894,0.136736514,English,1,0
36,Baiano,1903927485,106725,154553,17839,821141,966219,145078,0.176678549,Portuguese,1,1
37,Riot Games (riotgames),1849771905,34950,824255,52926,6549087,6855524,306437,0.046790797,English,1,0
38,ohnePixel,1813814130,123300,236159,14710,336502,1122289,785787,2.335162941,English,1,0
39,LEC,1812610305,48120,211881,37668,1855050,2036848,181798,0.098001671,English,1,0
40,ElMariana,1801683135,55245,159115,32612,6441558,9350442,2908884,0.451580813,Spanish,1,0
41,Gorgc,1796462325,153735,48808,11685,631241,709180,77939,0.123469483,English,1,0
42,elxokas,1790272935,116805,94536,15327,3245645,3871436,625791,0.192809442,Spanish,1,0
43,alanzoka,1786627350,105090,76716,17001,6246907,6947972,701065,0.112225938,Portuguese,1,0
44,TheGrefg,1765809090,85185,1745462,20728,10599590,11878408,1278818,0.120647874,Spanish,1,0
45,Tumblurr,1765143120,113715,47393,15522,1084890,1428305,343415,0.316543613,Italian,1,0
46,k4sen,1729466070,145350,114565,11898,516957,736484,219527,0.424652341,Japanese,1,0
47,stylishnoob4,1715324730,97650,66491,17565,947732,1041131,93399,0.098550012,Japanese,1,0
48,Trymacs,1711687935,127680,74903,13406,3269581,3518844,249263,0.076236986,German,1,0
49,LuquEt4,1702272870,75240,180846,22624,1110555,1709416,598861,0.539244792,Portuguese,1,0
50,just_ns,1674125415,115785,93182,14458,575992,725915,149923,0.260286601,Russian,1,1
51,scump,1653994935,83265,176972,19864,1374806,1657511,282705,0.205632649,English,1,0
52,LVNDMARK,1634585340,162975,165048,10029,1061596,1214015,152419,0.143575334,English,1,0
53,sodapoppin,1626781920,106230,100121,15313,8821549,8886559,65010,0.007369454,English,1,1
54,JLTomy,1599410550,151800,37112,10536,1131694,1234034,102340,0.090430806,French,1,0
55,gabepeixe,1599111795,180375,38741,8865,1077319,1454832,377513,0.350418957,Portuguese,1,0
56,loltyler1,1594283745,97320,52943,16381,5171598,5296635,125037,0.024177633,English,1,0
57,dota2_paragon_ru,1587863475,96570,260463,16442,11499,235527,224028,19.48238977,Russian,1,0
58,MOONMOON,1582172430,115440,28517,13705,1146776,1178638,31862,0.027783979,English,1,1
59,MontanaBlack88,1538908935,64455,202216,23875,4835672,5273464,437792,0.090533849,German,1,1
60,CohhCarnage,1519197690,159945,70985,9498,1475642,1564050,88408,0.05991155,English,1,0
61,Clix,1511255235,111420,129457,13563,5876610,7173148,1296538,0.220626858,English,1,0
62,Caedrel,1503163725,103815,185921,14479,449558,677284,227726,0.506555328,English,1,0
63,だるまいずごっど (darumaisgod),1490883510,47580,102021,31334,518930,816390,297460,0.573217968,Japanese,1,0
64,GRONKH,1488898305,75240,82463,19788,1537409,1650107,112698,0.073303851,German,1,1
65,Mizkif,1450168260,68445,75678,21187,2051027,2074909,23882,0.011643923,English,1,0
66,ファン太 (fantasista_jp),1446793575,157425,46884,9190,28490,244577,216087,7.584661285,Japanese,1,0
67,らっだぁ (raderaderader),1441401075,97290,69696,14815,423569,645738,222169,0.524516667,Japanese,1,0
68,Gotaga,1420050585,94200,179352,15074,3858312,4286290,427978,0.110923637,French,1,0
69,rivers_gg,1413502365,62400,213846,22652,2493355,5826481,3333126,1.336803624,Spanish,1,0
70,TSM_ImperialHal,1362200460,108480,50783,12557,1775486,1983833,208347,0.117346462,English,1,0
71,ESL_DOTA2,1329626310,352665,157027,3770,646184,755006,108822,0.168407141,English,1,0
72,forsen,1326744930,123255,40472,10764,1658559,1739385,80826,0.048732665,English,1,1
73,GamesDoneQuick,1307893305,169785,90350,7703,1975564,2019426,43862,0.022202267,English,1,0
74,VALORANT,1307702820,91830,307528,14240,3523668,4172539,648871,0.184146463,English,1,0
75,蝦愛橘子 (shuteye_orange),1296579540,487500,9393,2659,149794,174372,24578,0.164078668,Chinese,1,1
76,LCK,1291171080,38265,236385,33742,1560376,1820772,260396,0.16688029,English,1,0
77,casimito,1282015875,82080,177746,15619,3448391,3814716,366325,0.106230703,Portuguese,1,1
78,Elajjaz,1266167580,154935,22282,8172,447477,474833,27356,0.061133868,English,1,0
79,NICKMERCS,1235634450,85815,43424,14398,6608275,6716696,108421,0.016406854,English,1,0
80,Roier,1224334710,69225,300741,17686,736657,2370323,1633666,2.217675255,Spanish,1,0
81,juansguarnizo,1223205720,71970,202503,16996,9572831,11167868,1595037,0.166621243,Spanish,1,0
82,Thebausffs,1188178425,89565,26627,13266,920882,1207539,286657,0.311285268,English,1,0
83,괴물쥐123 (tmxk319),1160237235,147495,60460,7866,833913,924396,90483,0.108504125,Korean,1,0
84,Jahrein,1157118585,83865,147761,13797,1735604,1910651,175047,0.100856532,Turkish,1,1
85,ironmouse,1153815780,141105,29501,8177,1467335,1883510,416175,0.283626438,English,1,1
86,Call of Duty (callofduty),1139513730,32520,162194,35040,1517111,2046111,529000,0.348689054,English,1,0
87,Maximilian_DOOD,1134499710,108315,59146,10474,1161141,1261545,100404,0.086470119,English,1,0
88,Rainbow6,1132080615,83745,122805,13518,2458561,2723546,264985,0.107780527,English,1,1
89,VALORANT_jpn,1132014570,64815,92906,17465,394537,525444,130907,0.331799045,Japanese,1,0
90,betboom_ru,1112784555,94245,68467,11807,239060,349322,110262,0.46123149,Russian,1,0
91,RocketLeague,1097012820,31920,217295,34367,3831703,4167483,335780,0.087632053,English,1,0
92,Bonjwa,1074494205,244770,19671,4389,219305,236478,17173,0.078306468,German,1,0
93,YoDa,1070420595,143970,22608,7434,2382594,2437634,55040,0.023100872,Portuguese,1,0
94,sasatikk,1065509220,162105,38676,6572,187182,325814,138632,0.74062677,Japanese,1,0
95,BastiGHG,1051796040,156270,46542,6730,1256970,1707002,450032,0.358029229,German,1,0
96,LVPes,1044304365,155520,102115,6714,1044989,1101904,56915,0.054464688,Spanish,1,0
97,CBLOL,1038272565,53460,139259,19421,1528624,1611063,82439,0.053930201,Portuguese,1,0
98,ZeratoR,1030991655,84915,158751,12141,1497037,1542441,45404,0.030329244,French,1,0
99,JonVlogs,1023443325,91785,88886,11150,1267192,1851253,584061,0.460909633,Portuguese,1,0
100,Recrent,1019957070,181935,25954,5606,953885,1148645,194760,0.204175556,Russian,1,0
101,knekro,994994640,144360,43676,6892,963329,1120195,156866,0.162837411,Spanish,1,0
102,Jinnytty,981464055,163335,26902,6008,851881,991959,140078,0.164433765,English,1,0
103,davooxeneize,974350365,70350,70524,13850,784172,1738590,954418,1.21710288,Spanish,1,0
104,LCS,955888950,42135,130120,22686,1882740,1967479,84739,0.045008339,English,1,0
105,Pestily,952015215,157920,158562,6028,1290198,1356326,66128,0.051254149,English,1,0
106,Foolish,946678155,146385,32120,6467,1805704,2190680,384976,0.213199949,English,1,0
107,서새봄냥 (saddummy),941517090,197670,16558,4763,655814,680133,24319,0.03708216,Korean,1,0
108,gerardromero,939065310,100995,71123,9298,366042,713416,347374,0.949000388,Spanish,1,0
109,Maximum,938437650,123660,105456,7588,442584,498227,55643,0.125723027,English,1,0
110,Agent00,934324065,113160,126485,8256,557830,1419690,861860,1.545022677,English,1,0
111,QuickyBaby,933578190,151830,25201,6148,539697,603814,64117,0.118801846,English,1,0
112,Forever,928423605,71220,70388,13035,715240,1306097,590857,0.826096136,Portuguese,1,1
113,Distortion2,928198860,176430,20560,5261,521683,635551,113868,0.218270482,English,1,1
114,Stray228,913404135,102300,49312,8928,1363931,1562435,198504,0.145538154,Russian,1,0
115,PGL_Dota2,903161775,76575,74804,11794,373792,435846,62054,0.166012114,English,1,0
116,랄로 (aba4647),896545395,64995,56744,13794,579633,686990,107357,0.185215473,Korean,1,0
117,叶ちゃんねる (kanae_2434),886814190,79035,35778,11220,327146,533781,206635,0.631629303,Japanese,0,0
118,VooDooSh,880342830,150960,52516,5831,249175,357123,107948,0.433221631,Russian,1,0
119,caseoh_,879870615,82980,57721,10603,1266682,2848215,1581533,1.24856357,English,1,0
120,Hype,878479410,66405,83333,13229,607657,792835,185178,0.304740997,Turkish,1,1
121,Squeezie,862318200,18165,1340960,47471,4095096,4922515,827419,0.202051185,French,1,0
122,Nmplol,858558585,58680,61234,14631,1043314,1090980,47666,0.045687109,English,1,0
123,PENTA,857520240,144375,20710,5939,347995,360247,12252,0.035207402,English,1,1
124,RTAinJapan,857428890,34425,103320,24907,322157,399892,77735,0.241295393,Japanese,1,0
125,EsfandTV,849791880,156105,48364,5443,1231827,1332223,100396,0.081501704,English,1,0
126,Symfuhny,837064935,148935,23639,5620,3841166,3972401,131235,0.034165407,English,1,0
127,aminematue,833715465,20700,153299,40276,1946426,2462474,516048,0.265125928,French,1,0
128,Lord_Kebun,824864115,79095,27594,10428,497497,616820,119323,0.239846672,English,1,0
129,Dantes,819588285,172065,26272,4763,274753,868722,593969,2.161828988,English,0,0
130,bratishkinoff,817438395,70620,49249,11575,2419770,2792505,372735,0.154037367,Russian,1,1
131,dota2ti,802051665,7485,284592,107154,1131896,1227361,95465,0.084340787,English,1,0
132,Kyedae,795156000,81975,36401,9700,2087462,2707118,619656,0.296846601,English,1,1
133,AdmiralBahroo,793744215,141930,16641,5592,837399,841252,3853,0.004601152,English,1,0
134,Coreano,787848870,208245,55491,3783,553443,686575,133132,0.240552324,Portuguese,1,0
135,stegi,787018245,417630,47341,1884,379280,697483,318203,0.838965935,German,1,0
136,Echo_Esports,786230820,92325,182838,8515,254296,324025,69729,0.274204077,English,1,0
137,Etoiles,783918105,98865,38151,7929,863847,1097291,233444,0.270237669,French,1,0
138,赤見かるび (akamikarubi),781647960,156990,43617,4979,117363,436473,319110,2.719000026,Japanese,1,0
139,따효니 (ddahyoni),780169305,175260,29313,4451,360739,381686,20947,0.058066913,Korean,1,0
140,Eray,780035115,80940,33855,9637,766913,1070279,303366,0.395567685,Turkish,1,1
141,boxbox,777711645,139605,47173,5570,2062211,2114338,52127,0.025277239,English,1,0
142,iiTzTimmy,773870400,143790,69273,5382,2553793,2792146,238353,0.093332937,English,1,0
143,xRohat,757715565,145335,58114,5213,734693,997763,263070,0.358067928,German,1,0
144,JokerdTV,756495645,216270,32573,3498,265794,309855,44061,0.165771236,English,1,0
145,BarbarousKing,751566750,218655,10262,3437,193136,210309,17173,0.088916618,English,1,1
146,Nikolarn,746754570,79575,71628,9384,635291,561364,-73927,-0.116367145,English,1,0
147,GronkhTV,745364235,524520,8546,1420,489005,548371,59366,0.121401622,German,1,1
148,Mande,743334585,161160,19168,4612,402820,591314,188494,0.467936051,English,1,0
149,buster,735798930,29220,195874,25181,3409613,3874776,465163,0.13642692,Russian,1,0
150,Elraenn,735693885,25785,110428,28531,3872872,4597208,724336,0.187028128,Turkish,1,1
151,Jasper7se,734020275,56655,51453,12955,462820,600323,137503,0.297098224,Japanese,1,0
152,yourragegaming,730977345,38100,52786,19185,1258718,1458870,200152,0.159012583,English,1,0
153,JesusAVGN,729166005,85260,39989,8552,1600626,1757941,157315,0.098283422,Russian,1,0
154,moistcr1tikal,722448210,67890,82734,10641,4754479,5272502,518023,0.108954735,English,1,0
155,EWROON,719830245,89655,22669,8028,863064,914160,51096,0.059203025,Polish,1,0
156,LACOBRAAA,715949235,100695,73783,7110,369239,873650,504411,1.366082673,Spanish,1,0
157,SmiteGame,711511800,432000,58471,1646,692234,712721,20487,0.029595484,English,1,0
158,EpulzeGaming,706542000,62175,99397,11363,47530,186470,138940,2.923206396,English,1,0
159,qojqva,703943955,166635,12041,4224,205324,256335,51011,0.248441488,English,1,0
160,Fanum,702213750,63720,44293,11020,834559,1893983,1059424,1.269441705,English,1,0
161,AntoineDaniel,694714335,72645,26058,9563,926773,1029591,102818,0.110941946,French,1,1
162,녹두로 (nokduro),693621705,133755,26733,5185,268494,290304,21810,0.081230865,Korean,1,0
163,hJune,692479635,152220,99231,4549,606511,807128,200617,0.330772237,English,1,1
164,aldo_geo,690152580,93765,53044,7360,1072275,1821767,749492,0.698973677,Spanish,1,0
165,탬탬버린 (2chamcham2),689625855,104025,36479,6629,604348,665449,61101,0.101102345,Korean,1,0
166,CDawgVA,685960185,64125,77752,10697,939591,1198908,259317,0.275989234,English,1,0
167,singsing,685033995,202170,11090,3388,631091,644092,13001,0.020600833,English,1,1
168,Chess,682099680,72465,65681,9412,888824,1140108,251284,0.282715138,English,1,0
169,Tubbo,675897915,109440,31867,6175,4970717,5244606,273889,0.055100502,English,1,0
170,Shlorox,668698275,160830,16362,4157,403843,416224,12381,0.030657954,German,1,0
171,mrbluwu,667841835,406560,75732,1642,18558,61840,43282,2.332255631,English,1,0
172,다주 (dda_ju),667733490,129150,33227,5170,359075,411427,52352,0.145796839,Korean,1,0
173,Domingo,666179115,52290,200282,12740,1578173,1743138,164965,0.104529098,French,1,0
174,김도 (kimdoe),656049780,148395,17300,4421,318994,319613,619,0.001940475,Korean,1,1
175,lolpacifictw,655979910,35505,148965,18475,227340,270217,42877,0.188602974,Chinese,1,0
176,pokelawls,646351905,110130,19829,5869,1050818,1079991,29173,0.027762181,English,1,1
177,Xaryu,645547920,137850,51524,4682,413627,563717,150090,0.362863159,English,1,0
178,Emiru,645428250,41310,45418,15624,1191918,1419227,227309,0.190708589,English,1,0
179,Drututt,643119645,123000,35813,5228,392369,561644,169275,0.431417875,English,1,0
180,SilverName,643007745,87375,35298,7359,805608,846737,41129,0.051053366,Russian,1,0
181,SolaryHS,637802115,510465,9593,1249,192174,201950,9776,0.050870565,French,1,0
182,supertf,636120825,140670,11349,4521,558346,630468,72122,0.129170801,English,1,0
183,skill4ltu,635771040,146400,19912,4342,262796,321693,58897,0.224116805,English,1,1
184,LetsHugoTV,634713210,179115,36153,3543,270164,842043,571879,2.11678462,German,1,0
185,relog_pari_ru,632748780,47220,102533,13400,15805,259424,243619,15.41404619,Russian,1,0
186,xCry,631607415,58815,623590,10738,1409360,3225005,1815645,1.288276239,Spanish,1,0
187,RebirthzTV,629825145,117000,33581,5383,731524,806253,74729,0.102155227,Thai,1,0
188,im_mittiii,628063995,190425,31265,3298,101674,241952,140278,1.379684088,Japanese,1,0
189,NiceWigg,626510460,96210,64293,6511,655468,766237,110769,0.168992232,English,1,0
190,LPL,625730835,53910,57113,11607,902427,1010775,108348,0.120062897,English,1,0
191,ゆゆうた押忍 (yuyuta0702),625476645,108630,24365,5757,156510,243811,87301,0.557798224,Japanese,1,0
192,hitsquadgodfather,624570465,524640,2836,1190,106154,121958,15804,0.148878045,English,1,0
193,Zoomaa,622765680,142140,33185,4381,295760,367443,71683,0.242368813,English,1,0
194,PurpleBixi,621356475,43860,285246,14166,293309,476199,182890,0.623540362,Turkish,1,0
195,Ponce,619333605,117045,19997,5291,797857,797481,-376,-0.000471262,French,1,0
196,ElZeein,616942590,109380,40734,5640,297490,511770,214280,0.720293119,Spanish,1,0
197,Tolkin,616540455,172500,50610,3574,242091,293392,51301,0.211907919,German,1,0
198,Sequisha,611702235,261255,9917,2341,377321,396556,19235,0.050977815,English,1,1
199,s0mcs,609092085,88395,44008,6890,840041,1050708,210667,0.250781807,English,1,0
200,39daph,605935740,125040,10779,4846,1158938,1210826,51888,0.044772024,English,1,0
201,MissMikkaa,454347990,136740,13769,3322,145665,306879,161214,1.106744928,English,1,0
202,HutchMF,453855840,200925,14382,2258,287537,342761,55224,0.192058761,English,1,1
203,JenFoxxx,451777275,42825,32563,10549,940136,890092,-50044,-0.053230596,English,0,0
204,Jerma985,449404035,29190,41392,15395,1214903,1425303,210400,0.17318255,English,1,1
205,ãƒœãƒ‰ã‚«ã•ã‚“ (vodkavdk),448988370,118560,27659,3787,297642,486966,189324,0.636079586,Japanese,1,0
206,Agraelus,448275525,124620,20003,3597,638110,687048,48938,0.076692106,Czech,1,1
207,ê¹€ì§„ìš° (jinu6734),448153965,112020,27035,4000,330771,357364,26593,0.080397012,Korean,0,0
208,KubaFPS,447464130,163770,20711,2732,152045,248463,96418,0.634141208,German,1,1
209,angryginge13,445912680,121545,25899,3668,206694,758478,551784,2.669569509,English,1,0
210,DaigoTheBeasTV,445046565,78315,55386,5682,242065,401042,158977,0.656753351,Japanese,1,0
211,MOTHER3rd,443950365,156330,29232,2839,207100,338948,131848,0.636639305,Japanese,1,0
212,playapex,443022450,12795,145106,34624,942155,1166948,224793,0.238594499,English,1,0
213,chowh1,442329630,85245,26874,5189,723567,790644,67077,0.092703233,French,1,1
214,fifakillvizualz,442098270,194490,12799,2273,426650,530636,103986,0.243726708,English,1,0
215,GernaderJake,442056450,142755,16185,3096,472209,538408,66199,0.140190043,English,1,0
216,ì£¼ë¥´ë¥´ (cotton__123),440870025,63030,31272,6994,222083,307100,85017,0.382816334,Korean,1,0
217,Jackeyy,440285520,75750,23133,5812,370283,463825,93542,0.252622994,Thai,1,0
218,Payo,439395765,179835,23406,2443,278259,321352,43093,0.154866509,English,1,0
219,oestagiario,439043880,109635,12276,4004,266332,325283,58951,0.221344037,Portuguese,1,1
220,Flats,437545800,126465,23358,3459,402406,618568,216162,0.537173899,English,1,0
221,Saintone,436662240,216765,10034,2014,147609,157749,10140,0.068694998,English,1,0
222,æ‡¶è²“ (failverde),436617060,298890,6620,1460,255468,284953,29485,0.115415629,Chinese,1,0
223,Zizaran,433834260,146460,24874,2962,377081,425755,48674,0.12908102,English,1,0
224,æ­ä¸€éƒŽ (dmf_kyochan),428664675,209880,13669,2042,233513,289864,56351,0.24131847,Japanese,1,0
225,HoneyPuu,427989285,104355,18028,4101,577966,928181,350215,0.605943948,German,1,0
226,Tectone,427205520,103650,28912,4121,825322,928670,103348,0.125221429,English,1,0
227,Bkinho,427155855,68460,33020,6239,65081,241971,176890,2.717997572,Portuguese,0,0
228,AgustinUnaplay8,426779340,82590,21039,5167,186541,272650,86109,0.461608976,Spanish,1,0
229,goncho,425405010,97140,22337,4379,1120881,1326994,206113,0.183884819,Spanish,1,1
230,ëŸ¬ë„ˆêµ (runner0608),423927165,129930,19255,3262,258160,273221,15061,0.058339789,Korean,1,0
231,TFBlade,423469935,129675,11467,3265,1217571,1246689,29118,0.023914827,English,1,0
232,FolagorLives,423015150,124320,29224,3402,1520842,1602309,81467,0.053567037,Spanish,1,0
233,ZealsAmbitions,421387410,150750,22856,2795,274341,287778,13437,0.04897919,English,1,0
234,C_a_k_e,421262925,128325,10464,3282,363093,405025,41932,0.115485564,Russian,1,0
235,IWDominate,420874380,75555,18601,5570,854046,869694,15648,0.018322198,English,1,0
236,Nissaxter,419288835,95730,16047,4380,664796,772214,107418,0.161580395,Spanish,1,0
237,TisiSchubech,418079535,51270,60549,8154,329534,451983,122449,0.371582295,German,1,0
238,ybicanoooobov,417675060,99075,23316,4215,644517,668495,23978,0.037203053,Russian,1,0
239,ëª…í›ˆ (mlchoins),417339150,179850,31434,2320,174488,233600,59112,0.338774013,Korean,0,0
240,RDjavi,411789705,56385,19015,7303,211350,664396,453046,2.143581736,Spanish,1,0
241,GMHikaru,411262335,38595,42047,10655,1567675,1903706,336031,0.214349913,English,1,0
242,Dhalucard,410796030,139725,17664,2940,506439,541912,35473,0.070043974,German,1,1
243,csgo_mc,410259210,30180,112504,13593,1195089,1222562,27473,0.022988246,Russian,1,0
244,Robleis,408717240,60075,60540,6803,4779497,5758170,978673,0.204764853,Spanish,1,0
245,ZanoXVII,408431310,91065,43030,4485,1642296,1807635,165339,0.100675518,Italian,1,0
246,henyathegenius,408372780,76635,37253,5328,42665,297706,255041,5.977756944,English,1,0
247,Ayellol,408255765,183480,13757,2225,348274,430786,82512,0.23691691,Portuguese,1,0
248,Zentreya,405573930,101325,20390,4002,401360,476836,75476,0.188050628,English,1,0
249,MYM_ALKAPONE,404155185,118200,13278,3419,1112412,1153199,40787,0.036665372,Spanish,1,0
250,xTheSolutionTV,402912600,138810,22035,2902,636018,705557,69539,0.109334956,German,1,0
251,iLame,401564895,205470,6726,1954,368035,398812,30777,0.083625199,Russian,1,1
252,CCT_CS,401509770,186330,30002,2154,298529,395835,97306,0.325951583,English,1,0
253,HusKerrs,401135640,151770,14304,2643,1105154,1184231,79077,0.071552924,English,1,0
254,Ricoy,401016000,66645,34008,6017,340757,475533,134776,0.395519388,Spanish,1,1
255,Jankos,400834260,83940,14080,4775,1255926,1307698,51772,0.041222174,English,1,0
256,sneakylol,400729560,200010,10048,2003,1763116,1759700,-3416,-0.001937479,English,1,0
257,è¥¿å—69 (kr1stw),400043985,121035,9841,3305,58325,69164,10839,0.185837977,Chinese,1,1
258,Michel,398733300,470925,57475,846,598915,644449,45534,0.076027483,Portuguese,1,0
259,BadBoyHalo,398618265,97965,42292,4068,2408455,2673988,265533,0.110250347,English,1,0
260,Tikyjr,397997565,115305,20106,3451,81908,164960,83052,1.01396689,French,1,0
261,skywhywalker,397867065,70605,30445,5635,324770,761055,436285,1.343366074,Russian,1,0
262,Staiy,397820610,94560,12264,4207,317055,337946,20891,0.065890776,German,1,0
263,easportsfc,397704915,13695,290841,29040,2895364,3488452,593088,0.204840566,English,1,0
264,ovotz,397535220,185145,40518,2147,505701,824833,319132,0.631068556,Portuguese,1,0
265,HoneyMad,395460000,44445,23634,8897,740985,736098,-4887,-0.006595275,Russian,1,1
266,LLA,395363760,36210,81405,10918,605763,671399,65636,0.108352607,Spanish,1,0
267,SkipNhO,395323605,123270,14801,3207,1248745,1283193,34448,0.027586096,Portuguese,1,0
268,Subroza,394971285,120630,26866,3274,897609,990836,93227,0.103861481,English,1,0
269,Mongraal,393339165,20385,152938,19295,5818747,6716787,898040,0.154335633,English,1,0
270,REVENANT,393126735,135135,13949,2909,427287,464281,36994,0.08657881,Spanish,1,0
271,melharucos,391939125,132285,9490,2962,409318,424389,15071,0.036819783,Russian,1,1
272,RevedTV,390969690,54300,38423,7200,920236,1056275,136039,0.147830557,German,1,0
273,Insym,388974930,96555,14329,4028,430863,550882,120019,0.2785549,English,1,0
274,casinosakultah,388881105,107910,22528,3603,44580,241197,196617,4.410430686,Turkish,0,0
275,RybsonLoL_,388853415,192345,42224,2021,255234,315319,60085,0.235411426,Polish,1,0
276,ã‚‰ã„ã˜ã‚“ (alfrea),388456725,153120,15552,2536,107838,159958,52120,0.483317569,Japanese,1,0
277,Tonton,388203675,125985,9438,3081,444011,474154,30143,0.067887958,French,1,0
278,Carola,388082325,96360,37601,4027,1401991,1718984,316993,0.226102022,Spanish,1,0
279,GingiTV,387254835,115365,25263,3356,307304,341695,34391,0.111911983,English,1,1
280,SidneyEweka,387128160,88515,23641,4373,788737,964747,176010,0.223154233,German,1,0
281,CoconutB,386803230,104865,36282,3688,406109,479815,73706,0.181493146,English,1,1
282,Joueur_du_Grenier,385701675,41790,23373,9229,869871,959884,90013,0.103478562,French,1,0
283,NiklasWilson,385450710,91995,26197,4189,648115,848915,200800,0.309821559,German,1,0
284,dogdog,384973380,93810,8912,4103,633558,641134,7576,0.011957863,English,1,0
285,shadowkekw,383809890,41670,25704,9210,370143,460896,90753,0.245183618,Russian,1,0
286,lol_nemesis,383629140,131865,13742,2909,619445,695857,76412,0.123355584,English,1,0
287,Broxah,382508670,95040,9797,4024,426012,509141,83129,0.195133001,English,1,0
288,IJenz,381798870,520395,4416,733,779282,995187,215905,0.277056316,Spanish,1,0
289,BlackUFA,381596115,102885,10267,3708,342936,379564,36628,0.106807101,Russian,1,0
290,í¬ì…” (portialyn),381219465,211770,34904,1800,106502,156256,49754,0.467164936,Korean,1,0
291,Altair,381134970,133455,9185,2855,93524,107008,13484,0.144176896,French,1,0
292,ì¹¨ì°©ë§¨ (zilioner),380627910,66945,66641,5685,725793,790284,64491,0.088855913,Korean,0,0
293,WELOVEGAMES,379977000,142425,15273,2668,455143,485059,29916,0.065728793,Russian,1,0
294,èŠ±è¼ªåŒå­¸ (gearbaby1010),379301595,118125,9853,3210,267287,287510,20223,0.075660245,Chinese,1,0
295,Grendy,378749070,88095,12743,4299,149026,183331,34305,0.230194731,Polish,1,0
296,jessirocks,377869980,95100,33851,3973,151154,220010,68856,0.455535414,German,1,0
297,ale_apoka,375957765,516165,20975,728,278477,332851,54374,0.195254904,Portuguese,1,1
298,Levo,374613735,135030,46921,2774,778564,852975,74411,0.095574673,Turkish,1,1
299,ElmiilloR,374136480,99405,13339,3763,795989,848569,52580,0.066056189,Spanish,1,0
300,dasMEHDI,373228125,117030,12332,3189,401694,448879,47185,0.117465036,English,1,1
301,IzakOOO,372068580,90045,115239,4132,1846773,1926437,79664,0.043136866,Polish,1,0
302,SypherPK,371384625,94035,56270,3949,6327781,6820649,492868,0.077889548,English,1,0
303,ì´ì¶˜í–¥ (leechunhyang),371155545,157245,14342,2360,252613,286384,33771,0.133686707,Korean,1,0
304,AuzioMF,371069535,116325,19399,3190,133693,347045,213352,1.595835234,English,1,0
305,PietSmiet,369556995,69165,36480,5343,765227,787858,22631,0.029574231,German,1,1
306,ë¦´ì¹´ (llilka),368544015,95940,26377,3841,289532,346868,57336,0.198029924,Korean,1,0
307,vickypalami,368470875,105750,25525,3484,402979,800225,397246,0.985773452,Spanish,1,0
308,ì˜¤í‚¹ (obm1025),367072140,107520,20885,3414,818231,901036,82805,0.101200028,Korean,1,1
309,RRaenee,367017900,41520,25728,8839,750154,1221814,471660,0.628750896,Turkish,1,1
310,ã‚ã‚Šã•ã‹ (cr_arisakaaa),366038655,60585,15919,6041,246744,406174,159430,0.646135266,Japanese,1,0
311,Skermz,365242680,89115,9890,4098,129270,197630,68360,0.528815657,English,1,1
312,kyo1984123,364022160,215505,5634,1689,169310,168006,-1304,-0.007701849,Chinese,1,1
313,Mathil1,363237030,144855,11252,2507,356228,369809,13581,0.03812446,English,1,0
314,Castro_1021,362230530,32730,63129,11067,3657122,3725373,68251,0.018662489,English,1,0
315,Sologesang,361252755,186930,5583,1932,142962,170043,27081,0.18942796,German,1,0
316,aXtLOL,361059090,152535,6787,2367,882372,891054,8682,0.009839387,Portuguese,1,0
317,WorldofTanks,360913635,43890,71042,8223,356311,453673,97362,0.273250054,English,1,0
318,KSPKSP,360337410,119010,9037,3027,110764,149697,38933,0.351495071,Chinese,1,1
319,Enviosity,360095625,103200,19774,3489,729093,798784,69691,0.095585885,English,1,0
320,Shylily,359892045,72090,20964,4992,1039729,1323287,283558,0.272722988,English,1,1
321,ìŒë²  (pacific8815),359679225,102435,24754,3511,228192,239695,11503,0.050409304,Korean,1,0
322,ãã¡ã¤ã¼ (gutitubo),358034895,78195,20675,4578,162940,252466,89526,0.549441512,Japanese,1,0
323,å…­å¸Œå¤« (qttsix),357884895,188250,15590,1901,178970,210539,31569,0.176392692,Chinese,1,0
324,MrSavage,357296295,47745,56541,7483,3217445,3874875,657430,0.204332941,English,1,0
325,willneff,355937400,80910,45771,4399,415777,482368,66591,0.160160374,English,1,1
326,Shisheyu_Mayamoto,355261935,107760,10894,3296,109944,129299,19355,0.176044168,French,1,0
327,ELoTRiX,355177785,67545,19010,5258,1506945,1617853,110908,0.073597908,German,1,1
328,ë§ˆì™•ë£¨ì•¼_ (maoruya),354479670,170685,18743,2076,113632,148300,34668,0.305090115,Korean,1,0
329,ê¹€ëšœë _ (kimdduddi),353874600,66885,72818,5290,201214,253957,52743,0.262123908,Korean,1,0
330,è²å…‹ (slrabbit99),351748050,506205,2369,694,109563,110015,452,0.00412548,Chinese,1,0
331,dota2mc_ua,350488635,197835,26186,1771,48553,92699,44146,0.909233209,Ukrainian,1,0
332,jbzzed,350418375,55035,25509,6367,508816,731875,223059,0.438388337,French,1,0
333,restiafps,349963290,115200,38667,3038,194113,244791,50678,0.261074735,Chinese,1,0
334,RamiBoysLive,349019535,215175,7370,1622,100933,108374,7441,0.073722172,English,1,0
335,Amar,348552420,95505,108995,3649,1540921,1674126,133205,0.086445055,German,1,0
336,coscu,347865990,90780,124035,3831,3693967,3867295,173328,0.046921913,Spanish,1,1
337,VALORANT_EMEA,346747785,52800,102377,6567,239562,464928,225366,0.940741854,English,1,0
338,Beast1k,346215300,147870,8921,2341,58213,106990,48777,0.837905622,English,1,1
339,Agustabell212,344531805,121755,29470,2829,165462,237152,71690,0.433271688,Spanish,1,0
340,Guzu,343716375,113775,12005,3021,96628,166017,69389,0.718104483,English,1,0
341,NeVeR_LosEs,343644645,85035,12848,4041,266666,284184,17518,0.065692664,Chinese,1,0
342,Steelmage,343521315,134400,9402,2555,138625,160427,21802,0.157273219,English,1,0
343,DVM_Medja,343180455,128985,34869,2660,235381,341028,105647,0.448834018,French,1,1
344,AQUINO,342635460,78705,15327,4353,659512,911324,251812,0.381815646,Spanish,1,0
345,alexelcapo,340875420,71925,53526,4739,1026736,1067215,40479,0.039424935,Spanish,1,0
346,btssmash,340296150,451140,77642,754,388631,424418,35787,0.09208478,English,1,0
347,CYR,339966915,96120,40023,3537,591414,625896,34482,0.058304335,English,1,1
348,PrimeVideo,339671040,6330,153559,53660,556646,687961,131315,0.235903968,English,1,0
349,dafran,339467070,78840,15954,4305,817814,888453,70639,0.086375386,English,1,0
350,vysotzky,339360255,53280,23564,6369,337802,379062,41260,0.122142557,Polish,1,0
351,The_Happy_Hob,337914630,102300,26082,3303,307498,334492,26994,0.087785937,English,1,1
352,Giantwaffle,337757535,159315,7130,2120,856952,855977,-975,-0.001137753,English,1,0
353,CrystalMolly,337509615,90630,15593,3724,185449,672819,487370,2.628054074,Spanish,1,0
354,csgomc_ua,337464345,122025,51689,2765,66357,160571,94214,1.419804994,Ukrainian,1,0
355,midbeast,336703410,113775,11324,2959,765858,833220,67362,0.087956253,English,1,0
356,Carreraaa,336581865,31620,158444,10644,3063006,4460643,1397637,0.456295874,Spanish,1,0
357,CriticalRole,336522240,41070,38435,8193,1190569,1334556,143987,0.120939652,English,1,0
358,Trey24k,336194895,191685,33588,1753,159392,219148,59756,0.374899619,English,1,1
359,WestCOL,335959620,15975,142233,21030,1074417,1306561,232144,0.216065085,Spanish,1,0
360,vedal987,335221500,64410,25687,5204,56386,485514,429128,7.610541624,English,1,0
361,LUZU_TV,335116530,174480,6193,1920,224296,369600,145304,0.64782252,Spanish,0,1
362,ê¼´ëž‘ì´ìž„ (rhffkddl96),334459005,273420,5273,1223,29914,42012,12098,0.404426021,Korean,1,0
363,Takuu_,334330620,161505,17185,2070,96668,134606,37938,0.392456656,Polish,1,1
364,AkuASMR,333182295,515040,1624,647,410984,571049,160065,0.389467717,Spanish,1,0
365,æ©˜ã²ãªã® (hinanotachiba7),331905510,61215,29282,5422,197487,418407,220920,1.118655912,Japanese,1,0
366,pokimane,331459140,36480,35530,9085,9256829,9332986,76157,0.008227115,English,1,0
367,Wirtual,330786315,59700,12762,5540,334228,421990,87762,0.262581232,English,1,0
368,Smoke,330582810,81015,19622,4080,285433,316820,31387,0.109962758,English,1,0
369,çƒŸèŠ±è¹¦è¹¦è¹¦ (hennie2001),330166065,178530,7421,1849,57684,116105,58421,1.012776506,Chinese,1,0
370,Brunenger,328137555,60315,22365,5440,840703,1025736,185033,0.220093184,Spanish,1,0
371,TheRunningManZ,327322470,105435,9665,3104,294195,341019,46824,0.159159741,English,1,0
372,IsVolcano,327176925,172020,12395,1901,149090,197999,48909,0.328050171,Spanish,1,0
373,Aztecross,326312550,101355,60684,3219,264799,384684,119885,0.452739625,English,1,0
374,sinatraa,325841700,79725,45093,4087,1775284,1856435,81151,0.045711559,English,1,0
375,Thijs,325125315,88305,16154,3681,788592,793652,5060,0.006416499,English,1,0
376,ãŠã«ã‚„ (oniyadayo),324743970,56535,19442,5744,218807,273689,54882,0.250823785,Japanese,1,0
377,Grimmmz,324023430,202680,18136,1598,1043167,1051557,8390,0.008042816,English,1,1
378,TeamLiquid,323486235,35790,65012,9038,212840,271630,58790,0.276216877,English,1,0
379,anny,323208645,116250,8073,2780,221415,351155,129740,0.585958494,English,1,1
380,ë˜˜ë˜˜ë˜˜ì´_ (jungtaejune),321035025,178380,6629,1799,145623,146403,780,0.005356297,Korean,1,1
381,Bichouu_,320974425,77445,15288,4144,704942,775787,70845,0.10049763,French,1,1
382,VALORANT_Americas,320923185,27165,65954,11813,412819,628779,215960,0.523134836,English,1,0
383,koreshzy,320705970,31725,45315,10109,1266235,1718281,452046,0.357000083,Russian,1,1
384,Franio,320294460,58395,16456,5485,322603,419937,97334,0.301714491,Polish,1,0
385,Vinesauce,319834065,56085,31766,5702,554725,595949,41224,0.0743143,English,1,1
386,Brawlhalla,319647510,29910,38127,10687,1842479,2045004,202525,0.109919842,English,1,0
387,Nikof,318535815,85665,42915,3718,433774,624563,190789,0.439835029,French,1,0
388,Bawkbasoup,318452565,150855,8027,2111,157365,180379,23014,0.146245989,English,1,1
389,Putupau,318367365,141945,18241,2242,371959,439356,67397,0.181194702,Spanish,1,0
390,Ben_,318204060,137610,21989,2312,100124,139196,39072,0.390236107,English,1,0
391,frttt,318134835,185565,14717,1714,437394,563266,125872,0.287777153,Portuguese,1,0
392,AlveusSanctuary,318041955,524700,11846,606,88243,163338,75095,0.851002346,English,1,0
393,superjj102,317752680,133185,5488,2385,155711,164037,8326,0.053470853,English,1,0
394,telefe,316753575,91410,76912,3465,298538,483681,185143,0.620165607,Spanish,1,0
395,Shadoune666,316621590,123435,690360,2564,830297,1864594,1034297,1.245695215,Spanish,1,0
396,imaqtpie,316466475,166845,12840,1896,2606087,2581025,-25062,-0.009616717,English,1,0
397,ì˜¥ëƒ¥ì´ (rooftopcat99),315658770,112665,15451,2801,313040,335734,22694,0.072495528,Korean,1,0
398,XAROLA_,314485980,177285,20075,1774,141391,266777,125386,0.886803262,Portuguese,1,0
399,QTCinderella,314036415,45255,354755,6939,883137,1017866,134729,0.152557304,English,1,0
400,RiotGamesJP,314003790,36465,46723,8611,274897,301635,26738,0.097265521,Japanese,1,0
401,ANTILIPSI,313666065,520620,3285,602,88976,106459,17483,0.196491189,Greek,1,0
402,DreadzTV,313548285,110805,17144,2829,688724,698191,9467,0.013745709,Russian,1,0
403,ElChiringuitoTV,312159375,140655,34590,2219,846712,960000,113288,0.13379756,Spanish,1,0
404,Strippin,311807820,139920,11221,2228,317585,328865,11280,0.03551805,English,1,0
405,SolaryFortnite,311707860,491250,16262,634,2095346,2217299,121953,0.058201844,French,1,0
406,Deadlyslob,310765530,125295,38290,2480,398127,413123,14996,0.037666373,English,1,0
407,ç¾…å‚‘ (roger9527),310204680,52155,17229,5947,152529,188330,35801,0.234716021,Chinese,1,0
408,MasterSnakou,310160235,110730,15642,2801,555143,639523,84380,0.151996873,French,1,0
409,WillerZ,309191565,168510,66410,1834,308755,373188,64433,0.208686499,English,1,1
410,í™”ë£¡ (bjfd),307678380,317145,3619,970,11806,18437,6631,0.561663561,Korean,1,0
411,BURGAOfps,307617360,305235,4522,1007,218842,267160,48318,0.220789428,Portuguese,1,1
412,Raxxanterax,307522980,160500,15015,1916,96570,217700,121130,1.254323289,English,1,0
413,Psychoghost,307276545,94320,30437,3257,138160,171721,33561,0.242914013,English,1,1
414,emilyywang,306077730,116490,16453,2627,165716,220172,54456,0.328610394,English,1,0
415,AvoidingThePuddle,305716725,82455,15482,3707,411711,428376,16665,0.040477422,English,1,1
416,Sommerset,304790055,146355,29211,2082,1407822,1780635,372813,0.264815438,English,1,0
417,pizfn,301249335,159615,17798,1887,636614,736250,99636,0.156509282,Italian,1,0
418,Shotzzy,301098600,54120,16654,5563,260187,447095,186908,0.718360256,English,1,0
419,luquitarodriguez,298657830,53970,409724,5533,371422,583166,211744,0.570090086,Spanish,1,1
420,MST3K,298560870,524325,13724,569,80821,92883,12062,0.14924339,English,1,0
421,zwebackhd,297306495,111480,15231,2666,329106,366212,37106,0.112747868,English,1,0
422,Uzra,297070305,189600,15990,1566,231534,238278,6744,0.029127472,Chinese,1,0
423,ä¾æ¸Ÿ (et_1231),297007335,151455,8157,1961,351890,397941,46051,0.130867601,Chinese,1,0
424,Bagi,296859735,94200,66714,3151,763020,990561,227541,0.298211056,Portuguese,1,0
425,AnnieFuchsia,296163885,179310,8944,1651,347343,413220,65877,0.189659789,English,1,0
426,BurkeBlack,295543290,169635,11210,1742,309431,320987,11556,0.037345967,English,1,1
427,UtopiaGaming,295476780,11655,58197,25352,10026,25670,15644,1.560343108,English,0,0
428,ë£©ì‚¼ (looksam),295069920,101955,21755,2894,303464,333704,30240,0.099649382,Korean,1,0
429,ê°•ì§€ (rkdwl12),294870630,97140,16471,3035,656693,713045,56352,0.085811787,Korean,1,0
430,Bananirou,293784780,85065,18259,3453,376861,531095,154234,0.409259647,Spanish,1,1
431,StaysafeTV,293403060,166110,13925,1766,221722,238578,16856,0.076023128,English,1,1
432,BobRoss,292927005,234825,20684,1247,2058003,2098115,40112,0.019490739,English,1,0
433,adolfz,292227645,56670,19051,5156,635571,753682,118111,0.18583447,Portuguese,1,1
434,BobbyPoffGaming,292026960,202440,5298,1442,343082,405497,62415,0.181924438,English,1,1
435,ì†Œí’ì™”ë‹ˆ (yumyumyu77),291991140,122685,13222,2380,305578,320177,14599,0.047775036,Korean,1,0
436,agustin51,291295275,76815,33345,3792,662469,1050653,388184,0.585965532,Spanish,1,0
437,imls,290959140,82695,16356,3518,637895,658806,20911,0.032781257,English,1,0
438,robinsongz,290413170,104445,13193,2780,90632,129661,39029,0.430631565,English,1,0
439,Fakturka,289991745,219480,4253,1321,64830,96908,32078,0.494801789,English,1,0
440,StRoGo1337,289369890,53100,20278,5449,419329,502098,82769,0.197384393,Russian,0,0
441,Reborn,288442080,94800,62536,3042,2410773,2580755,169982,0.070509335,Spanish,1,0
442,FarfadoxVEVO,288371550,68430,80328,4214,1273499,1601674,328175,0.25769553,Spanish,1,0
443,OTKnetwork,288044745,521865,23333,551,234098,315828,81730,0.349127289,English,1,0
444,Oatley,287867850,164475,8428,1750,269487,473780,204293,0.758081095,English,1,0
445,DiazBiffle,287254635,85305,17169,3367,588779,672581,83802,0.142331843,English,1,0
446,AdinRoss,286118835,3885,144956,73647,7127665,7251801,124136,0.017416082,English,1,0
447,ShahZaM,285994050,136590,16800,2093,1634100,1659975,25875,0.015834404,English,1,0
448,RocKy_,285645090,76065,13801,3755,405933,472134,66201,0.163083563,French,1,0
449,guit88man,285536040,156435,5036,1825,162554,170956,8402,0.051687439,Russian,1,0
450,Felps,285347355,105930,26304,2693,1265440,1453266,187826,0.148427424,Portuguese,1,0
451,Poloteli,285125055,116850,19620,2440,13047,150669,137622,10.54817199,Spanish,1,0
452,Replays,285036120,174360,6422,1634,1408101,1548385,140284,0.099626376,English,1,0
453,ì•…ì–´ (jdm2088),284474340,64860,38554,4386,366799,390819,24020,0.065485457,Korean,1,0
454,steel,283539795,70620,24637,4014,234807,337922,103115,0.439147896,Russian,1,0
455,BLAST,281733240,14085,191848,20002,208143,466632,258489,1.241881783,English,1,0
456,Ray__C,281529150,178875,10007,1573,550596,571427,20831,0.037833548,English,1,0
457,Pobelter,280352775,117285,27731,2390,382184,430190,48006,0.125609654,English,1,0
458,í•œê°± (woohankyung),280140675,46320,52747,6047,426529,561598,135069,0.316670144,Korean,1,0
459,ESL_SC2,280074555,523470,41990,535,376278,392718,16440,0.043691101,English,1,0
460,Xop0,279812880,431685,3373,648,143543,148338,4795,0.033404624,Russian,0,0
461,metashi12,279728565,99030,10366,2824,173363,207350,33987,0.196045292,German,1,1
462,shongxbong,278546595,13440,201960,20725,1372847,1706010,333163,0.242680357,Arabic,1,0
463,Attrix,278043705,139170,13014,1997,119460,180929,61469,0.514557174,Italian,1,0
464,Moonryde,277617690,144930,8646,1915,619710,658594,38884,0.062745478,Italian,1,0
465,Silent,276842670,164520,7900,1682,234336,248811,14475,0.061770279,English,1,1
466,Kaydop,276705495,85215,9726,3247,696199,777484,81285,0.11675541,French,1,0
467,Stoopzz,276351990,95160,14016,2904,169187,182981,13794,0.081531087,English,1,0
468,SmallAnt,276132570,70545,13697,3914,1242865,1358599,115734,0.093118722,English,1,0
469,GUACAMOLEMOLLY,275858460,59760,21841,4616,313144,390069,76925,0.245653757,Russian,1,1
470,StreamerHouse,275716635,525090,5570,525,782436,780177,-2259,-0.002887137,English,1,0
471,BotezLive,275379015,55155,28679,4992,1154614,1273894,119280,0.103307252,English,1,0
472,frametamer666,275253225,55920,46355,4922,715812,1111170,395358,0.552321,Russian,1,0
473,PapeSan,275177220,41625,31560,6610,268969,418884,149915,0.557369065,French,1,0
474,xFibii,274335960,95355,17190,2876,481953,744153,262200,0.544036452,German,1,0
475,jasontheween,274095810,108510,7613,2526,52872,229381,176509,3.338421092,English,0,0
476,FifaTargrean,273742425,134715,14433,2031,483997,504790,20793,0.04296101,Thai,1,0
477,æœ¨æ£‰èŠ±å®˜æ–¹é »é“ (muse_tw),273459525,504645,15271,541,229348,249184,19836,0.086488655,Chinese,1,0
478,CapcomFighters,273321870,36060,69000,7579,404958,433340,28382,0.070086281,English,1,0
479,ã‘ã‚“ã (kenki521),273267225,122460,24977,2231,84555,230359,145804,1.724368754,Japanese,1,0
480,ì‹œë¼ìœ í‚¤_ížˆë‚˜ (shirayukihina_stellive),273246630,69960,18802,3905,21155,101891,80736,3.816402742,Korean,1,0
481,ê¹€ë‚˜ì„± (naseongkim),272314890,216015,3934,1260,136643,136351,-292,-0.002136955,Korean,1,0
482,Zemie,271592670,144525,50253,1879,799544,1060709,261165,0.326642436,English,1,0
483,mondo2244,271499505,91725,26160,2959,59543,196975,137432,2.308113464,Japanese,1,0
484,masondota2,271246680,88650,11058,3059,232586,251443,18857,0.081075387,English,1,1
485,resttpowered,270378585,138570,6432,1951,353275,368788,15513,0.043911967,Slovak,1,0
486,DougDoug,270374430,33735,22113,8014,600487,844384,243897,0.406165329,English,1,0
487,RoyalPhunk,270274260,101985,8936,2650,262537,276674,14137,0.053847648,German,1,1
488,Shaunz,270204930,75000,23044,3602,265583,284134,18551,0.069850103,French,1,0
489,ì–ì– (yapyap30),269394615,56385,30173,4777,327929,333939,6010,0.018327138,Korean,1,0
490,Gssspotted,268327770,94290,7519,2845,199577,294395,94818,0.475094826,Thai,1,0
491,Spursito,268222005,31890,71515,8410,1169813,1402379,232566,0.198806134,Spanish,1,0
492,ã‚†ããŠ2 (yukiofps14),268157250,95115,26022,2819,150716,183376,32660,0.216698957,Japanese,1,0
493,ê°ë¸”ëŸ¬ (9ambler),267523185,154890,13046,1727,180063,203225,23162,0.128632756,Korean,1,0
494,bt0tv,267413745,339525,34713,787,392814,437055,44241,0.112625823,Portuguese,1,0
495,LukiSteve,267292935,52980,16950,5045,270357,309697,39340,0.145511305,Polish,1,0
496,RATIRL,266882190,63135,11555,4227,783086,816621,33535,0.04282416,English,1,1
497,Surefour,266220885,132495,8083,2009,444331,457778,13447,0.030263475,English,1,0
498,Rakin,265879800,120000,28511,2215,1605661,1645879,40218,0.025047628,Portuguese,1,0
499,RocketBaguette,265577445,42285,86632,6280,301281,407714,106433,0.353268211,French,1,0
500,Dracon,265104375,116385,6094,2277,56348,64925,8577,0.152214808,German,1,0
501,bebe872,264037950,148875,11798,1773,177941,217321,39380,0.22130931,English,1,0
502,DieHahn,263552640,149055,3637,1768,226494,233362,6868,0.030323099,German,1,0
503,liminhag0d,263394780,310500,9917,848,577886,617309,39423,0.068219337,Portuguese,1,1
504,TraYtoNlol,262871505,85245,30487,3083,156914,194897,37983,0.242062531,French,1,0
505,í”ŒëŸ¬ë¦¬ (flurry1989),262503780,133740,8903,1962,209959,216061,6102,0.029062817,Korean,1,0
506,Aurateur,262272330,144900,4037,1810,164916,171898,6982,0.042336705,English,1,1
507,JustCooman,262212045,59205,24136,4428,317808,382589,64781,0.203836908,Russian,1,0
508,ç¨»ä¹™ç·¹ (iitifox),261939180,273630,5706,957,52731,129991,77260,1.46517229,Chinese,1,0
509,RavshanN,261612120,50160,19746,5215,161694,359571,197877,1.223774537,Russian,1,0
510,MitchJones,260172615,41325,28253,6295,623957,696063,72106,0.115562451,English,1,0
511,paivinha29,259928430,104880,8422,2478,176820,267296,90476,0.511684199,Portuguese,1,0
512,Warcraft,259569765,22170,36579,11707,714515,782919,68404,0.095734869,English,1,0
513,Pikabooirl,259130190,140640,10195,1842,396525,429301,32776,0.082658092,English,1,0
514,Loeya,259105320,139680,6020,1855,1573548,1619878,46330,0.029443017,English,1,0
515,Warframe,258727200,8430,286930,30691,1822591,2040669,218078,0.119652736,English,1,0
516,ãƒ˜ãƒ³ãƒ‡ã‚£ãƒ¼ (tonakaito_hendy),258058020,123405,21913,2091,129893,261387,131494,1.012325529,Japanese,1,0
517,parisplatynov,257956725,81750,19020,3155,410706,522776,112070,0.272871592,Polish,1,0
518,wuant,257661960,70575,23351,3650,337677,526955,189278,0.560529737,Portuguese,1,0
519,AnthonyZ,257596125,122685,15974,2099,597204,615506,18302,0.030646144,English,1,0
520,cs2_paragon_ru,257535840,50775,39859,5072,11096,111135,100039,9.015771449,Russian,0,0
521,tvplay_it,257492700,147615,5882,1744,31161,47268,16107,0.51689612,Italian,1,0
522,jujalag,257382960,109515,9066,2350,417780,501608,83828,0.20065106,Spanish,1,0
523,ì½”ë ›íŠ¸ (collet11),256930890,197520,10225,1300,263356,283962,20606,0.078243898,Korean,1,0
524,forg1,256737105,113520,32916,2261,167430,202923,35493,0.211987099,Spanish,1,0
525,é¾œç‹— (sweetcampercs),256204545,124965,7339,2050,284535,308506,23971,0.084246226,Chinese,1,1
526,buckefps,256124610,97065,13653,2638,583397,794299,210902,0.36150683,English,1,0
527,WankilStudio,255945255,24165,22818,10591,1125224,1232846,107622,0.095644956,French,1,0
528,FoxenKin,254338770,488025,2021,521,352902,368622,15720,0.044544944,English,1,0
529,H0llyLP,254320845,143520,8112,1772,199439,210701,11262,0.056468394,German,1,1
530,daltoosh,254311965,106470,12659,2388,738635,762311,23676,0.032053721,English,1,0
531,KingGothalion,253015800,113130,13115,2236,969165,989758,20593,0.021248188,English,1,0
532,Ziqoftw,252955170,164805,27190,1534,243763,303512,59749,0.24511103,English,1,0
533,shanks_ttv,252866730,116760,8857,2165,406007,473571,67564,0.166410924,English,1,1
534,Posty,252840915,190095,17886,1330,433267,502595,69328,0.160012186,English,1,0
535,Kxpture,252792645,138180,4261,1829,285359,379500,94141,0.329903735,English,1,0
536,ä¸‰äººç§°_ãƒ‰ãƒ³ãƒ”ã‚·ãƒ£ (sanninshow_3ns),251557005,89070,17777,2824,81558,123740,42182,0.517202482,Japanese,1,0
537,shxtou,251012700,58785,16373,4270,961234,1238424,277190,0.288368909,English,1,0
538,Tomato,250631505,60585,6581,4136,147658,158988,11330,0.076731366,English,1,1
539,TrU3Ta1ent,250564380,133305,6282,1879,682522,696661,14139,0.020715816,English,1,0
540,Move_Mind,250447665,91695,23019,2731,191582,262122,70540,0.36819743,Portuguese,1,1
541,QuarterJade,250344990,52230,45305,4793,1015067,1142501,127434,0.125542452,English,1,0
542,roflgator,249663015,91800,12864,2719,300657,317261,16604,0.055225722,English,1,1
543,RDCgaming,249273075,33105,16531,7529,561105,674253,113148,0.201652097,English,1,0
544,maxim,248795580,103020,7600,2414,457601,473696,16095,0.035172563,German,1,1
545,Xari,247877910,80955,22382,3061,399908,408300,8392,0.020984827,French,1,0
546,Nadeshot,247745820,66390,17178,3731,1958278,2002572,44294,0.022618852,English,1,1
547,Michou,247702995,17550,125195,14114,1064160,1677527,613367,0.57638607,French,1,0
548,Ko0416,247514400,206835,4275,1196,117138,120596,3458,0.029520736,Chinese,1,1
549,Sacriel,247360125,159795,9958,1548,737319,747057,9738,0.013207309,English,1,0
550,BaityBait,247323930,65595,19859,3770,165955,296831,130876,0.788623422,Spanish,1,0
551,vei,246738810,41805,21725,5902,984811,1051942,67131,0.068166379,English,1,1
552,A_Seagull,246229380,84615,14168,2910,1161592,1166858,5266,0.004533433,English,1,1
553,Faux,246081960,131595,12470,1869,278097,296008,17911,0.064405585,English,1,0
554,Doublelift,245469390,29850,29686,8223,1755369,1779005,23636,0.013464975,English,1,0
555,s1mple,245404050,10920,53819,22472,3328824,3663604,334780,0.100570051,English,1,0
556,KungenTV,245219745,80010,13691,3064,267850,293380,25530,0.095314542,English,1,1
557,MrDzinold,244792260,58275,17925,4200,283649,555311,271662,0.957740024,Polish,1,0
558,LaAgusneta,244459590,112005,12357,2182,98863,297690,198827,2.011136623,Spanish,1,0
559,4HEAD,244423050,149820,6242,1631,57340,90348,33008,0.575653994,English,1,0
560,BruceDropEmOff,243671775,10305,91829,23645,1182329,1307720,125391,0.106054237,English,1,1
561,bysTaXx,243360450,59610,23475,4082,2091925,2212351,120426,0.057567073,Spanish,1,0
562,BanduraCartel,242847105,53985,23337,4498,240219,458207,217988,0.90745528,Polish,1,0
563,Smurf_tv,242821695,128565,5170,1888,72461,97392,24931,0.344060943,Russian,1,0
564,ãƒãƒˆãƒ© (batora324),242720190,81465,10628,2979,42485,67779,25294,0.595363069,Japanese,1,0
565,Klean,242664345,186300,11519,1302,390238,412029,21791,0.055840282,English,1,1
566,filian,242027520,48405,38417,5000,545013,808057,263044,0.482638029,English,1,0
567,Thiefs,241555530,185760,11448,1300,476928,556565,79637,0.166979083,English,1,0
568,Knut,241220220,221415,41829,1089,390635,394771,4136,0.010587889,English,1,0
569,Popo,240681840,45600,22401,5278,417897,457423,39526,0.094583115,Polish,1,0
570,chocoTaco,240647145,176610,30662,1362,1294103,1305099,10996,0.008497005,English,1,0
571,GetOnMyLvLTV,240479490,490530,13482,490,13809,310816,297007,21.50821928,German,1,1
572,DuendePablo,240413235,127560,12901,1884,928559,950848,22289,0.02400386,Spanish,1,0
573,BagheraJones,239594415,57750,32597,4148,328407,610288,281881,0.858328233,French,1,0
574,SkyrrozTV,238974255,110370,13335,2165,1080203,1138676,58473,0.054131492,French,1,0
575,Zerkaa,238662795,30570,24833,7807,1384589,1484693,100104,0.072298711,English,1,0
576,Krolay,238177230,110835,19984,2148,48808,120690,71882,1.472750369,French,1,1
577,Chap_GG,237887205,95940,10704,2479,249768,257459,7691,0.030792576,French,1,0
578,BTSBrasilTV,237815685,520035,6800,457,235406,244407,9001,0.038236069,Portuguese,1,0
579,Pieface23,237780900,98790,8528,2406,823081,890347,67266,0.081724642,English,1,0
580,Kitboga,237188685,37890,13797,6259,1162360,1214182,51822,0.044583434,English,1,0
581,evelone2004,237057795,18060,53931,13126,558959,716780,157821,0.282348079,Russian,0,0
582,Conterstine,236877795,88950,42766,2663,1101881,1300123,198242,0.17991235,Spanish,1,0
583,TazerCraft,236628885,24795,53585,9543,132307,426865,294558,2.226322114,Portuguese,1,0
584,valorant_la,236114745,79170,39070,2982,295430,382390,86960,0.294350608,Spanish,1,0
585,Staryuuki,236101035,76395,13415,3090,2874500,3295962,421462,0.146620978,Spanish,1,0
586,RiffTrax,235811595,525285,962,448,108178,111348,3170,0.029303555,English,1,0
587,Juice,235474035,167715,8350,1404,97898,115940,18042,0.184293857,Russian,1,0
588,AsianJeff,235404525,132510,26787,1776,599330,1334052,734722,1.225905595,English,1,1
589,kussia88,234802455,21915,86085,10714,61832,923808,861976,13.94061327,Russian,0,1
590,xth0rek,234544200,72870,9380,3218,257111,272007,14896,0.057936067,Polish,1,0
591,clutch_fii,234431100,160410,19498,1461,121436,190050,68614,0.565021905,Japanese,1,0
592,Tfue,234337575,39015,37733,6006,11286426,11403035,116609,0.010331791,English,1,0
593,Repaz,234271050,189150,14341,1238,665301,692020,26719,0.040160769,German,1,1
594,SirMaza,233867550,111510,12033,2097,238901,361935,123034,0.514999937,Spanish,1,0
595,KamiKat,233297970,54345,10706,4292,578696,696735,118039,0.203974107,Portuguese,1,0
596,olofmeister,233267490,74835,26296,3117,601584,820834,219250,0.364454507,English,1,0
597,Nadia,233122965,74955,14720,3110,924462,1167453,242991,0.26284585,English,1,0
598,Fairlight_Excalibur,233003655,163380,4283,1426,401803,406396,4593,0.011430975,English,1,0
599,MaximeBiaggi,232981965,11040,187871,21103,197791,647907,450116,2.275715275,French,1,0
600,Rob2628,232954425,129075,20263,1804,27411,131283,103872,3.789427602,English,1,0
601,PGL_DOTA2EN2,232814535,45975,39899,5064,160465,189023,28558,0.177970274,English,1,0
602,el_yuste,232585020,73800,26362,3151,149907,174073,24166,0.161206615,Spanish,1,0
603,brkk,232384845,109755,14361,2117,378835,484160,105325,0.278023414,Portuguese,1,1
604,pathofexilebota,231648270,123870,12949,1870,66703,86800,20097,0.301290797,Russian,1,0
605,ì•„ë¼í•˜ì‹œ_íƒ€ë¹„ (arahashitabi_stellive),231550770,59970,18034,3861,30180,102708,72528,2.403180915,Korean,1,0
606,ESAMarathon,230372820,435285,16554,529,283603,290152,6549,0.023092139,English,1,0
607,ë§ˆì  íƒ€_ (magenta62),229888755,73560,27001,3125,401877,507785,105908,0.26353337,Korean,1,1
608,í”Œë ˆìž„__ (flamekr),229503675,178200,14103,1287,138799,170079,31280,0.225361854,Korean,1,0
609,TwitchRivals,229379520,19155,71396,11974,2243336,2435790,192454,0.0857892,English,1,0
610,ì›_ê²Œìž„ë°©ì†¡ (alenenwooptv),229302735,176250,2927,1301,149394,163611,14217,0.095164464,Korean,1,0
611,TheJRM_,229181970,87690,5921,2613,325866,392687,66821,0.20505668,English,1,0
612,TFToddy,229163625,119790,11484,1912,66376,95155,28779,0.433575389,Portuguese,1,1
613,MenosTrece,229133115,87960,13585,2604,1102926,1199755,96829,0.087792835,Spanish,1,0
614,FPSThailand,228518460,123705,20339,1847,542123,564948,22825,0.042102991,Thai,1,0
615,dorki,228398370,131565,8466,1735,77717,115727,38010,0.489082183,English,1,0
616,crokeyz,226497525,114045,5120,1986,104547,112650,8103,0.077505811,English,1,0
617,Rumathra,226050630,202665,10892,1115,685949,766375,80426,0.117247784,German,1,0
618,Daarick,225984510,93450,11524,2418,232469,318892,86423,0.371761396,Spanish,1,1
619,edizderbreite,225863895,79410,10629,2844,218766,281405,62639,0.286328771,German,1,1
620,JeffHoogland,225615210,103500,8167,2179,89902,114638,24736,0.275144046,English,1,0
621,ë„í˜„_ (d_obby),225492585,131295,10713,1717,242997,259101,16104,0.066272423,Korean,1,0
622,AlphaCast,225330360,74310,21244,3032,606828,620448,13620,0.022444581,French,1,1
623,pisicela,225278310,150405,6786,1497,184881,220806,35925,0.19431418,Polish,1,0
624,SummonersInnLive,224903730,52590,26872,4276,578690,580484,1794,0.003100105,German,1,0
625,SharonQueen,224455590,517140,1223,434,461610,569953,108343,0.234706787,English,1,1
626,TheKller,224390175,143100,3771,1568,90490,103078,12588,0.139109294,German,1,0
627,Taylor_Jevaux,224005605,58350,16785,3839,1703849,2158407,454558,0.266783031,English,1,0
628,Alkaizerx,223916715,139545,12621,1604,185799,207876,22077,0.118821953,English,1,1
629,ê¹€ëœëª¨ (kimdoenmo),223840380,132465,21316,1689,114003,203837,89834,0.787996807,Korean,1,0
630,Tobias,223742880,86865,8966,2575,231137,389791,158654,0.686406763,French,1,0
631,JapaneseKoreanUG,223389765,95850,23515,2330,87119,130521,43402,0.498192128,Japanese,1,0
632,AmazonMusic,223354935,29175,46383,7655,562834,671841,109007,0.193675222,English,1,0
633,Pato,223253220,50670,12340,4406,454847,498710,43863,0.096434625,Spanish,1,0
634,Snopey_,223172310,74085,16539,3012,226077,533665,307588,1.360545301,Portuguese,0,0
635,Calebhart42,223072770,120465,11428,1851,206151,211826,5675,0.027528365,English,1,0
636,KnebelTV,222901545,121335,5434,1837,22543,33410,10867,0.482056514,German,1,0
637,nacho_dayo,222750120,69705,11895,3195,248628,380502,131874,0.530406873,Japanese,1,0
638,Timmac,222732750,191400,9841,1163,586439,596507,10068,0.017168026,English,1,1
639,nilojeda,222472500,30990,74775,7179,790925,1055993,265068,0.335136707,Spanish,1,0
640,Halo,222315330,10275,81686,21636,698118,737048,38930,0.055764212,English,1,0
641,JOEYKAOTYK,221718540,102870,11176,2155,146858,180101,33243,0.226361519,English,1,0
642,blackelespanolito,221208105,95970,14769,2305,846692,932946,86254,0.101871755,Spanish,1,0
643,fobm4ster,221180910,132900,12456,1664,122432,142989,20557,0.16790545,English,1,0
644,ë‚˜ë‚˜ì–‘ (nanayango3o),221031450,126450,12086,1748,217701,231965,14264,0.065521059,Korean,1,0
645,ã—ã‚“ã˜ã•ã‚“ (shinjifromjapanxd),220932810,78150,18638,2826,58758,152882,94124,1.601892508,Japanese,1,0
646,nyanners,220605615,47655,17654,4629,992977,1042927,49950,0.05030328,English,1,1
647,Naowh,220521540,114090,8640,1932,244966,277568,32602,0.133087857,English,1,0
648,WeAreTheVR,220476540,92115,17009,2393,565044,611630,46586,0.082446677,Hungarian,1,1
649,lilsimsie,220406115,60570,18250,3638,719837,824683,104846,0.145652419,English,1,0
650,snoodyboo,220206630,125955,8634,1748,126799,135653,8854,0.069827049,Spanish,1,0
651,MembTV,219753135,151710,16772,1448,109847,124101,14254,0.129762306,English,1,0
652,SergioFFerra,219738705,90870,18678,2418,64581,173127,108546,1.680772983,Spanish,1,0
653,ImSoFresh,219669885,132450,8423,1658,176684,192967,16283,0.092158883,French,1,0
654,dakotaz,219542775,109845,6855,1998,4662975,4687561,24586,0.0052726,English,1,0
655,KYR_SP33DY,219371340,89595,5619,2448,819400,840329,20929,0.02554186,English,1,0
656,ì¸ê°„ì ¤ë¦¬ (ses836),218764770,137685,7448,1588,172915,176478,3563,0.0206055,Korean,1,0
657,ã—ã‚ƒã‚‹ã‚‹ (syaruru3),218191695,147270,17787,1481,79735,100432,20697,0.259572333,Japanese,1,0
658,Joe_Bartolozzi,218098020,68475,13057,3185,1142983,1506331,363348,0.317894492,English,1,0
659,LoLWorldChampionship,217736505,142950,9425,1523,86318,131113,44795,0.518953173,English,0,0
660,TpaBoMaH,217560390,88530,16090,2457,491060,548605,57545,0.117185273,Russian,1,0
661,BoxyFresh,217329030,93705,8166,2319,135713,155782,20069,0.147878243,English,1,1
662,n3koglai,217318665,17460,65047,12446,2432283,2598190,165907,0.068210402,Russian,1,1
663,WakzLoL,216519540,106035,8059,2042,73445,111296,37851,0.515365239,French,1,0
664,polispol1,216412815,120030,15575,1802,1007733,1206957,199224,0.197695223,Spanish,1,0
665,mlodziutki7,216293235,41715,16142,5184,134640,180720,46080,0.342245989,Polish,1,0
666,Quantum,216293220,135615,3895,1594,139391,156595,17204,0.123422603,English,1,0
667,Mynthos,216216510,82995,7753,2605,238573,271289,32716,0.137132031,French,1,1
668,kkatamina,216213480,69630,14588,3105,560344,604249,43905,0.078353654,English,1,0
669,ì•°ë¹„ì…˜_ (lol_ambition),216098100,105510,12531,2048,467999,476872,8873,0.018959442,Korean,1,0
670,Carpentieri,215828205,128190,4521,1683,64389,141931,77542,1.204274022,Portuguese,1,1
671,Aenot,215508390,145605,13558,1480,94991,153227,58236,0.613068606,French,1,1
672,NymN,215325255,113010,10997,1905,307937,313147,5210,0.016919045,English,1,1
673,mazzatomas,214465680,76905,28514,2788,166687,588547,421860,2.530851236,Spanish,1,1
674,Hayashii,214456770,86190,15672,2488,397350,422480,25130,0.063243991,Portuguese,1,0
675,Method,214394265,40050,19902,5353,392011,409333,17322,0.044187536,English,1,0
676,absoluttlol,214185225,111465,7554,1921,109475,153563,44088,0.402722083,Portuguese,1,0
677,Skyyart,213974760,96045,14189,2227,800859,836073,35214,0.043970287,French,1,0
678,crazyfacetw,213750270,85605,7942,2497,124550,160397,35847,0.287812124,Chinese,1,1
679,RebeuDeter,212888250,9855,69912,21602,1113866,1466313,352447,0.316417774,French,1,0
680,è›‡è¶³ (dasoku_aniki),212634255,181125,17869,1173,175148,211215,36067,0.205922991,Japanese,1,0
681,RTP Arena CS:GO (rtparenacsgo),212539215,113970,9567,1864,213072,230332,17260,0.081005482,Portuguese,1,0
682,GrenBaud,212535675,34410,17765,6176,874433,1004564,130131,0.148817577,Italian,1,1
683,dannyaarons,212166405,48030,30984,4417,573402,865161,291759,0.508821037,English,1,0
684,5opka,212158245,90675,10482,2339,421314,598661,177347,0.420937828,Russian,0,0
685,Scarra,212060955,115605,10817,1834,1592456,1585464,-6992,-0.004390702,English,1,0
686,Manyrin,212016165,78855,10688,2688,527672,537001,9329,0.017679543,Russian,1,0
687,Preachlfw,211923990,111435,6597,1901,295510,302168,6658,0.02253054,English,1,1
688,Spear_Shot,211798800,173745,4559,1218,75272,185123,109851,1.459387289,English,1,0
689,TinaKitten,211709970,42990,28492,4924,1299012,1862673,563661,0.43391516,English,1,0
690,MuTeX,211575675,121035,6292,1748,877520,931072,53552,0.061026529,English,1,1
691,Shotz,211507695,143235,6881,1476,338182,349372,11190,0.033088692,English,1,1
692,sweetdreams,211286265,44640,26423,4733,792328,833723,41395,0.052244777,English,1,0
693,tarzaned,210866925,98415,7716,2142,534237,592448,58211,0.108961004,English,1,1
694,NBA2KLeague,210568110,30375,45306,6932,204829,231378,26549,0.129615435,English,1,0
695,DooleyNotedGaming,210507795,132720,4010,1585,190793,204027,13234,0.069363132,English,1,0
696,Gingy,210385575,138690,35481,1516,213440,264104,50664,0.237368816,English,1,1
697,lydiaviolet,209525340,68760,8081,3047,97252,336031,238779,2.45526056,English,1,0
698,CR_rion,209239710,60705,36188,3446,148515,220414,71899,0.484119449,Japanese,1,0
699,iateyourpie,209223390,137805,8245,1518,145972,148997,3025,0.020723152,English,1,0
700,ì‹¤í”„_ (silphtv),209141175,159090,24832,1314,344917,360304,15387,0.044610732,Korean,1,0
701,kyootbot,208984095,59340,14888,3521,452097,561166,109069,0.241251324,English,1,0
702,mazellovvv,208880895,29550,18765,7068,713743,1280532,566789,0.794107963,Russian,1,0
703,ë…¸ëŒë¦¬ (nodolly),208592430,168930,14295,1234,241453,261997,20544,0.085084882,Korean,0,0
704,cloakzy,208467675,63585,14425,3278,2833487,2860900,27413,0.009674652,English,1,0
705,Scrapie,208200840,73575,6539,2829,78392,99929,21537,0.274734667,English,1,0
706,Yogscast,207785700,333645,27139,622,947033,951993,4960,0.00523741,English,1,0
707,AriaSaki,207675090,129150,8031,1608,617880,647490,29610,0.047921927,English,1,0
708,Lacari,207212610,112035,12287,1849,323099,344080,20981,0.064936753,English,1,1
709,KatEvolved,206939505,114120,10636,1813,333351,413371,80020,0.240047277,English,1,0
710,å† ç·¯ (guanweiboy),206929785,67980,9939,3043,122753,130176,7423,0.060471027,Chinese,1,1
711,YZNSA,206691720,174195,64504,1186,107480,237052,129572,1.205545218,Arabic,1,0
712,TeeGrizzley,206526735,51855,15918,3982,943694,1073152,129458,0.13718218,English,1,0
713,RazaH,206345145,161985,14154,1273,184347,203330,18983,0.102974282,Portuguese,1,0
714,KingGeorge,206211885,151695,20586,1359,1012570,1080339,67769,0.066927719,English,1,0
715,ãƒã‚¤ã‚¿ãƒ‹ (haitani0904),206086185,99585,11334,2069,37652,91358,53706,1.426378413,Japanese,1,0
716,Cavs,205914195,69330,33294,2970,17718,106706,88988,5.022463032,Turkish,1,0
717,coopertv,205028700,176880,7740,1159,71049,116784,45735,0.643710679,English,1,0
718,ow_uruca,204616800,57870,20345,3535,107469,214076,106607,0.991979082,Japanese,1,0
719,POW3R,204590490,159510,29128,1282,1920303,1989766,69463,0.036172937,Italian,1,0
720,ì² ë©´ìˆ˜ì‹¬ (109ace),204352455,147765,7861,1383,204575,213039,8464,0.041373579,Korean,1,0
721,Sliggytv,203898690,91365,9187,2231,37598,83015,45417,1.20796319,English,1,0
722,LightFuryLF,202740660,103515,10017,1958,103000,112254,9254,0.08984466,Thai,1,0
723,Panpots,201903615,99330,17057,2032,103975,165555,61580,0.592257754,Spanish,1,0
724,Terablade,201697980,113520,4048,1776,38375,61867,23492,0.612169381,Russian,1,0
725,taxi2g,200850765,145530,7305,1380,368427,441743,73316,0.198997359,English,1,0
726,asianbunnyx,200523300,74040,22476,2708,408471,804041,395570,0.968416362,English,1,1
727,Graycen,199648920,186120,8056,1072,84332,115302,30970,0.367239008,English,1,0
728,Alinity,199379685,72720,13599,2741,1476106,1499495,23389,0.015845068,English,1,0
729,Ray,199331250,90150,8107,2211,578982,592120,13138,0.022691552,English,1,0
730,Nick28T,199265835,160305,7456,1243,1051788,1059773,7985,0.007591834,English,1,1
731,betboom_ru2,198871080,55245,52878,3599,88093,132231,44138,0.501038675,Russian,1,0
732,LilAggy,198774765,106200,5943,1871,114477,175393,60916,0.532124357,English,1,0
733,GuDDummit,198300735,93810,6390,2113,54556,71623,17067,0.312834519,Russian,1,0
734,Aspen,198224115,115305,9825,1719,221630,320485,98855,0.446036186,English,1,0
735,VGBootCamp,198037965,121845,55598,1625,624363,647142,22779,0.036483584,English,1,0
736,skain,197894775,85185,22368,2323,169413,212058,42645,0.251722123,Spanish,1,0
737,å¤§ä¸¸ (wtf_winds123),197888685,99555,9419,1987,314970,323857,8887,0.028215386,Chinese,1,0
738,ç¶ èŒ¶ (greentea),197690385,164415,3909,1202,126172,141189,15017,0.119020068,Chinese,1,0
739,PUBG_BATTLEGROUNDS,197599095,31575,34880,6258,1061624,1110873,49249,0.046390247,English,1,0
740,cdewx,197508795,167445,8441,1179,433417,450415,16998,0.039218582,English,1,0
741,ReventXz,196931040,104895,13240,1877,910374,912437,2063,0.002266102,Spanish,1,0
742,VeRsuta,196845240,104115,3886,1890,499198,492314,-6884,-0.013790119,Russian,1,1
743,è¸¢è™§ (takesipon),196202895,102990,4682,1905,119411,127025,7614,0.06376297,Chinese,1,0
744,biyin_,196175115,39345,112381,4986,2998879,3169017,170138,0.056733866,Spanish,1,0
745,XQN_TheSad,196062585,89670,5519,2186,49151,63761,14610,0.297247258,English,1,0
746,tvandeR,196000350,74085,22535,2645,539000,553289,14289,0.026510204,Spanish,1,0
747,Squeex,195668595,67800,14673,2886,60716,176662,115946,1.909644904,English,1,0
748,Zy0xxx,195535725,41460,17422,4716,232736,336996,104260,0.447975388,English,1,0
749,aspaszin,195402840,23010,31319,8492,407900,704726,296826,0.727693062,Portuguese,1,0
750,Zerost_s,195247800,171060,10498,1141,29773,93942,64169,2.155274914,Japanese,1,0
751,Im_Dontai,194957400,52335,15803,3725,1693363,1828674,135311,0.079906671,English,1,0
752,DMITRY_BALE,194751495,139095,7934,1400,82555,127733,45178,0.54724729,Russian,1,0
753,jccaylen,194738385,84975,8609,2291,256131,296387,40256,0.157169573,English,1,1
754,Pelegrino1993,194661660,149805,8052,1299,190612,231779,41167,0.215972761,Portuguese,1,1
755,Mithrain,194558910,81030,12957,2401,1680776,1715064,34288,0.020400101,Turkish,1,0
756,UselessMouth,194016480,145050,6548,1337,313280,322711,9431,0.03010406,Russian,1,0
757,ilrossopiubelloditwitch,193985445,38850,19673,4993,76803,343702,266899,3.475111649,Italian,1,0
758,Atadogann,193976310,49245,23128,3939,59424,268787,209363,3.523206112,Turkish,1,0
759,itsHafu,193941735,134250,16521,1444,1274499,1256433,-18066,-0.014174982,English,1,0
760,Nightblue3,193633110,62295,20476,3108,2715357,2713442,-1915,-0.000705248,English,1,0
761,SoyPan,193584585,124350,12165,1556,918308,989476,71168,0.077499053,Spanish,1,0
762,Limmy,193546590,69510,5793,2784,445568,471378,25810,0.057926063,English,1,1
763,Wolfabelle,193300530,175530,5149,1101,289525,296517,6992,0.024149901,English,1,0
764,Katrine,193180875,465135,1546,415,234211,242383,8172,0.034891615,English,1,0
765,joshseki,192900435,118545,5450,1627,209577,354906,145329,0.693439643,English,1,0
766,KmSenKangoo,192833700,60765,28037,3173,281225,479809,198584,0.706139212,French,1,0
767,DeraJN,192794895,123480,13467,1561,18369,69257,50888,2.77031956,English,1,0
768,katoo,192754695,155415,16293,1240,345700,457917,112217,0.324608042,German,1,0
769,stableronaldo,192698580,53010,21694,3635,2726902,2957433,230531,0.084539525,English,1,0
770,orkpod,192496260,99270,10037,1939,205057,238815,33758,0.164627396,Russian,1,0
771,KarmikKoala,192410970,108855,6350,1767,194527,211227,16700,0.085849265,Russian,1,0
772,DashDucks,192389175,524580,5209,366,341968,363382,21414,0.062619894,English,1,0
773,ê²¬ìží¬ (wkgml),192230175,119655,5053,1606,554797,558529,3732,0.006726785,Korean,1,0
774,bbreadman,192006810,124410,4673,1543,135307,172234,36927,0.27291271,English,1,0
775,Tanizen,191992725,149235,18910,1286,673881,800707,126826,0.188202368,Spanish,1,0
776,Central_Committee,191945370,80955,10389,2371,61915,69800,7885,0.127352015,English,1,0
777,OkCode,191360460,126300,10364,1515,279684,322478,42794,0.153008395,English,1,0
778,yamatonjp,190432095,160245,4335,1188,242762,254862,12100,0.049843056,Japanese,1,0
779,sips_,189950265,122355,4472,1552,534992,542722,7730,0.014448814,English,1,1
780,SheefGG,189905835,198765,12864,955,83216,125183,41967,0.504314074,English,1,0
781,bananabrea,189729735,137670,7749,1378,230887,230408,-479,-0.002074608,English,1,1
782,Kennzy,189702045,127815,8279,1484,386732,446197,59465,0.153762812,Portuguese,1,0
783,í¬ìº£66 (crazzyccat),189099960,223890,4721,844,83232,92379,9147,0.109897636,Korean,1,0
784,itmeJP,189013005,145305,6716,1300,366747,368227,1480,0.004035479,English,1,0
785,poderosobagual,188692230,91170,37109,2069,161257,401822,240565,1.491811208,Portuguese,0,0
786,Louuis,188615370,133230,5188,1415,46031,61139,15108,0.328213595,English,1,0
787,TolunayOren,188115435,60330,26037,3118,666750,937143,270393,0.405538808,Turkish,1,0
788,Vovapain,188101080,117870,12821,1595,173160,232649,59489,0.343549319,Russian,1,1
789,TomateKing,187834830,70065,6353,2680,124865,174727,49862,0.399327273,Spanish,1,1
790,Esportmaniacos,187793145,96945,19900,1937,168994,176785,7791,0.046102228,Spanish,1,0
791,Zoil,187455645,98310,5567,1906,164433,173946,9513,0.057853351,English,1,1
792,Anthony_Kongphan,187355445,176355,13052,1062,517774,521638,3864,0.007462715,English,1,0
793,by_Owl,186940965,64920,16784,2879,463889,503785,39896,0.086003333,Russian,1,0
794,MasterTay,186830100,221970,2906,841,134866,137501,2635,0.019537912,German,1,1
795,LordAethelstan,186791580,76065,9976,2455,127954,161663,33709,0.263446238,English,1,1
796,Facadarp_,186665310,91575,24936,2038,188762,370443,181681,0.962487153,Portuguese,0,1
797,curry,186627195,120180,9833,1552,94470,354127,259657,2.748565682,English,1,0
798,VALORANT_TUR,186343290,66255,59413,2812,460494,508842,48348,0.104991596,Turkish,1,0
799,sabrinoca,186325875,127920,6249,1456,19759,54243,34484,1.745230022,Portuguese,1,1
800,Sanchovies,186297900,127245,4683,1464,361916,379166,17250,0.047662994,English,1,0
801,Mouzakrobat,186203580,100920,5609,1845,116941,129425,12484,0.106754688,German,1,1
802,Simurgh,186097515,47400,47082,3926,20756,1472680,1451924,69.95201388,English,1,0
803,Mr_Mammal,186039075,158280,19901,1175,207811,223809,15998,0.076983413,English,1,0
804,Lacy,185984760,111105,14130,1673,122379,362739,240360,1.964062462,English,1,0
805,BAXBEAST,185959395,149115,6922,1247,59373,115294,55921,0.941859094,Spanish,1,0
806,RTGame,185930505,48600,12516,3825,1132379,1166031,33652,0.029717965,English,1,0
807,ê³ ì°¨ë¹„ (kumikomii),185414325,162780,4482,1139,246873,247304,431,0.001745837,Korean,1,0
808,RachtaZ,185271375,106725,17651,1735,65724,121277,55553,0.84524679,English,1,1
809,ì´ë‹¤2 (airshowerse),185220735,160875,7632,1151,32441,55979,23538,0.72556333,Korean,0,0
810,TheGuill84,185054100,107730,15261,1717,408065,468708,60643,0.148611128,French,1,0
811,ì‚´êµ¬__ (sal_gu),184923060,95745,8013,1931,231796,232977,1181,0.005094997,Korean,1,0
812,Jabroni_Mike,184581015,108645,4045,1698,47542,57113,9571,0.20131673,English,1,1
813,paradeev1ch,184492530,15435,39767,11952,1317161,1776780,459619,0.348946712,Russian,1,1
814,Rogue,184471125,104175,7874,1770,785397,802651,17254,0.021968508,English,1,0
815,grafo,184448220,163335,6145,1129,568307,584626,16319,0.028715113,Spanish,1,0
816,Slayproxx,184405605,148725,3628,1240,57381,71596,14215,0.247730085,Polish,1,0
817,Silithur,183692835,134805,15827,1362,553978,592761,38783,0.070008195,Spanish,1,0
818,elBokeron,183460005,87330,34702,2100,329780,476178,146398,0.443926254,Spanish,1,0
819,follentass,183289710,102690,29319,1784,317066,331842,14776,0.046602285,Russian,1,1
820,VELLOSO,183025515,491430,1395,372,130764,164058,33294,0.254611361,Portuguese,1,0
821,Smzinho,182809080,116505,5845,1569,873029,1041901,168872,0.193432291,Portuguese,1,1
822,AUslots,182705220,325185,1891,561,54023,57047,3024,0.055976158,English,0,1
823,NEEXcsgo,182307270,131610,8994,1385,175294,249969,74675,0.425998608,Polish,1,0
824,ì‰ë¦¬ (kss7749),182176170,106875,10053,1704,190348,192694,2346,0.012324795,Korean,1,0
825,delegarp,182015535,119520,32009,1522,211751,466584,254833,1.203455946,Portuguese,1,0
826,Mortdog,181897830,46050,14182,3950,201339,260994,59655,0.29629133,English,1,0
827,Dunduk,181663920,79110,19612,2296,114242,131985,17743,0.155310656,Russian,1,0
828,Silvervale,181131825,49050,18115,3693,399220,479851,80631,0.201971344,English,1,0
829,Sintica,180940035,113175,5800,1598,303611,319312,15701,0.0517142,German,1,1
830,RanbooLive,180517740,23625,55612,7641,4436197,4470111,33914,0.007644836,English,1,0
831,XenosysVex,180433995,118635,9867,1520,123582,142653,19071,0.15431859,English,1,0
832,Sweatcicle,180211410,106095,77934,1698,371440,430771,59331,0.159732393,English,1,1
833,ë©€ëŸ­í‚¹ (sizer0346),180201345,193920,4227,929,26917,28413,1496,0.055578259,Korean,1,0
834,CaptainMyko,180088635,186150,6222,967,52241,67606,15365,0.294117647,German,1,0
835,PsheroTV,179983710,181860,10407,989,285815,313753,27938,0.097748544,English,1,0
836,rachaxp7,179969040,81615,16323,2205,157232,279013,121781,0.77453063,Portuguese,0,0
837,chilevisioncl,179765400,49680,28919,3618,135,102050,101915,754.9259259,Spanish,0,0
838,ê°œë³µì–´ (dogswellfish),179539410,206430,8065,869,225115,230585,5470,0.024298692,Korean,1,0
839,ElGlogloking,179518515,85140,15382,2108,115758,282903,167145,1.443917483,Spanish,1,1
840,Mictia00,179385075,154365,13944,1162,303325,555129,251804,0.830145883,Spanish,1,0
841,ibabyrainbow,179302455,98655,4049,1817,696820,714794,17974,0.025794323,English,1,0
842,Vader,179164605,135270,3974,1324,451797,462146,10349,0.022906305,English,1,0
843,Euriece,179118330,114420,10725,1565,314262,336408,22146,0.070469863,Japanese,1,0
844,Mmorpg,179040015,165075,4385,1084,255948,267681,11733,0.045841343,English,1,0
845,samueletienne,179018010,47220,26755,3791,600673,654325,53652,0.089319813,French,1,0
846,PROD,178998240,59970,20198,2984,637278,719484,82206,0.128995509,English,1,0
847,rezonfn,178908300,88005,33909,2032,574079,806312,232233,0.404531432,German,1,0
848,IamCristinini,178785300,86565,62034,2065,3160899,3221687,60788,0.019231238,Spanish,1,0
849,Trick2g,178636650,141225,12484,1264,1525694,1533419,7725,0.00506327,English,1,1
850,BOOMBURAPA,178268565,81285,19572,2193,100309,126424,26115,0.260345532,Thai,1,0
851,ê°•ì†Œì—° (rkdthdus930),178256835,112275,12808,1587,129178,140631,11453,0.088660608,Korean,1,0
852,AgenteMaxo,178236855,98445,18947,1810,1117781,1298655,180874,0.161815239,Spanish,1,0
853,Rainbow6BR,178149525,56955,28252,3128,570150,603380,33230,0.058282908,Portuguese,1,0
854,rubenmartinweb,177888180,48855,15474,3641,158547,173585,15038,0.094848846,Spanish,1,0
855,Arteezy,177763785,13065,24213,13606,725213,771309,46096,0.063562016,English,1,1
856,aypierre,177686865,55950,13611,3176,397225,470053,72828,0.183341935,French,1,0
857,Albralelie,177284790,177015,13737,1001,594918,617162,22244,0.037390027,English,1,0
858,DolphinChemist,176850435,142380,3919,1242,61604,66982,5378,0.087299526,English,1,0
859,Bugs,176749740,119850,9857,1474,144382,195751,51369,0.355785347,English,1,0
860,PlayOverwatch,176472135,18885,54636,9344,558095,700417,142322,0.255013931,English,1,0
861,Quackity,176402250,5610,156705,31444,5339429,6325133,985704,0.184608504,English,1,0
862,VALORANT_fr,176331900,61230,18907,2879,114977,183746,68769,0.598110927,French,1,0
863,AriGameplays,175993875,35715,109321,4927,5395757,6820911,1425154,0.264124941,Spanish,1,0
864,MurderCrumpet,175840305,108435,4220,1621,93886,102223,8337,0.088799182,English,1,1
865,Kamito_JP,175805325,46485,24325,3782,146073,259294,113221,0.775098752,Japanese,1,0
866,Lobanjicaa,175733235,83850,8872,2095,454512,516892,62380,0.137246101,English,1,0
867,uhSnow,175526220,89760,10901,1955,241677,253240,11563,0.047844851,English,1,1
868,mistercop,175479345,264990,5239,662,40346,53528,13182,0.326723839,Russian,1,0
869,åœ‹æ¿¤ (taaaao),175262100,166980,7462,1049,82154,112288,30134,0.366798939,Chinese,1,0
870,StankRat_,175226115,164430,3827,1065,67633,186575,118942,1.758638534,English,1,1
871,DoktorFroid,174890505,53925,19575,3243,234129,249505,15376,0.065673197,German,1,0
872,mount,174722130,117615,25020,1485,821996,960965,138969,0.169062866,Portuguese,1,0
873,Rengawr,174696375,118230,45933,1477,109185,141070,31885,0.292027293,English,1,0
874,MacieJay,174496800,131940,4921,1322,1051294,1093377,42083,0.040029716,English,1,0
875,xChocoBars,174445695,96510,38965,1807,961808,982442,20634,0.021453346,English,1,0
876,JASONR,174180330,167925,22632,1037,874762,884468,9706,0.011095589,English,1,0
877,OLESYALIBERMAN,173763915,145335,4608,1195,384428,840418,455990,1.186151893,English,1,0
878,PAGO3,173584860,112680,24843,1540,724221,768192,43971,0.060714892,Polish,1,0
879,cameliaaa92,173499450,71010,72957,2443,270044,499107,229063,0.848243249,French,1,0
880,è‰¾æ€¡ (irissiri129),173199210,122745,10198,1411,74501,253599,179098,2.403967732,Chinese (Hong Kong SAR),1,0
881,Tigz,173144340,145845,7333,1187,103913,137639,33726,0.324559968,English,1,0
882,Odablock,173139645,52170,9371,3318,271888,302551,30663,0.112778056,English,1,0
883,Werlyb,173123850,59865,10742,2891,738135,778322,40187,0.05444397,Spanish,1,0
884,CRREAM,172950300,130005,2694,1330,180544,183054,2510,0.013902428,English,1,0
885,GeneraL_HS_,172829730,160560,2732,1076,111595,128338,16743,0.150033604,Russian,1,0
886,GrandPooBear,172540350,139530,12951,1236,301525,315956,14431,0.047860045,English,1,0
887,KendineMuzisyen,172468320,15075,71983,11440,2491202,2591600,100398,0.040301027,Turkish,1,0
888,elwycco,172440135,49170,9485,3507,220147,238123,17976,0.081654531,Russian,1,0
889,Pelicanger,172188180,68010,42706,2531,351393,847218,495825,1.41102697,Spanish,1,0
890,æ®ºæ¢— (xargon0731),172083480,138180,5468,1245,322214,324448,2234,0.00693328,Chinese,1,0
891,CR_VanilLa,171618585,65550,10774,2618,66272,193532,127260,1.920267986,Japanese,1,0
892,Tealzlol,171589950,125955,5759,1362,97274,109030,11756,0.120854493,Portuguese,1,0
893,Dashy,171565170,86700,18869,1978,307479,372527,65048,0.211552659,English,1,0
894,Lysium,171564390,120330,8398,1425,279912,296008,16096,0.057503787,English,1,0
895,EvaLangwin,171501540,161535,7758,1061,52489,106016,53527,1.019775572,English,1,0
896,Datto,171472065,61980,88152,2766,691978,738457,46479,0.06716832,English,1,1
897,Cydonia_Chiara,171389955,84435,13870,2029,147433,165604,18171,0.123249205,Italian,1,0
898,Roxasorg13th,171240495,101820,7619,1681,98345,172401,74056,0.753022523,Spanish,1,0
899,Glooms_,171035505,177300,8111,964,73218,115004,41786,0.570706657,Thai,1,0
900,Whippy,170794890,144600,10247,1181,495335,496942,1607,0.003244269,English,1,1
