Watch time,Stream time,Peak viewers,Average viewers,Followers Prev Yr,Followers,Followers gained,Partnered,Mature,Mean weekly watch hours,Mean weekly stream hours
6917573295,111585,348593,61993,4101063,9043160,4942097,1,0,2217170.928,35.76442308
6622047810,521235,253831,12704,3821821,4061076,239255,1,1,2122451.221,167.0625
6263825640,82980,3442745,75485,12241985,15430621,3188636,1,0,2007636.423,26.59615385
5740774005,111765,126238,51364,11483408,11981015,497607,1,0,1839991.668,35.82211538
5015411025,211860,125341,23673,1053268,1367770,314502,1,0,1607503.534,67.90384615
4808510700,36330,1098636,132356,685273,3043007,2357734,1,0,1541189.327,11.64423077
4397973510,140745,215660,31247,2426465,2967235,540770,1,0,1409606.894,45.11057692
3849415755,150030,82098,25657,2323232,2562946,239714,1,0,1233787.101,48.08653846
3802581165,160065,152249,23756,1401412,1789303,387891,1,0,1218776.014,51.30288462
3737012790,98280,151594,38024,2920113,3998038,1077925,1,0,1197760.51,31.5
3416028195,179685,166223,19011,545416,656754,111338,1,0,1094880.832,57.59134615
3328742745,110610,205471,30094,3970500,5064402,1093902,1,0,1066904.726,35.45192308
3220207860,233130,48921,13812,6170264,6250676,80412,1,0,1032117.904,74.72115385
3054694995,49665,266793,61506,1727377,2805389,1078012,1,0,979068.9087,15.91826923
3039775005,486285,295493,6250,5893277,6272711,379434,1,0,974286.8606,155.8605769
3003643215,139920,105954,21467,726973,890549,163576,1,0,962706.1587,44.84615385
2968378320,146070,207866,20321,1164217,1714324,550107,0,0,951403.3077,46.81730769
2855306805,161895,120011,17636,1668191,2159527,491336,1,0,915162.4375,51.88942308
2804746725,53865,360947,52069,14546349,16137856,1591507,1,0,898957.2837,17.26442308
2798377740,128295,215165,21811,2573085,3304282,731197,1,1,896915.9423,41.12019231
2797562610,509265,166788,5493,636012,711679,75667,1,0,896654.6827,163.2259615
2661562515,150090,127557,17733,1445415,1600214,154799,1,0,853064.9087,48.10576923
2351358060,136335,102970,17246,1594649,4615150,3020501,1,0,753640.4038,43.69711538
2349633915,144330,156716,16279,10459150,10760732,301582,1,0,753087.7933,46.25961538
2325432015,125340,65775,18552,934877,1044291,109414,1,0,745330.774,40.17307692
2290522215,187920,48646,12188,590568,661198,70630,1,0,734141.7356,60.23076923
2276896935,62055,272205,36691,442515,760715,318200,1,1,729774.6587,19.88942308
2233826220,146310,30882,15267,445286,563099,117813,1,0,715969.9423,46.89423077
2212321215,48480,403954,45633,6303875,9064326,2760451,1,0,709077.3125,15.53846154
2209898940,125355,56762,17629,2917255,2961886,44631,1,0,708300.9423,40.17788462
2164172550,87960,357257,24603,13404407,14848698,1444291,1,0,693645.0481,28.19230769
2076746145,50430,440432,41180,1479203,1899354,420151,1,0,665623.7644,16.16346154
2064079320,166740,35130,12378,599299,617352,18053,1,0,661563.8846,53.44230769
2062544310,121530,137733,16971,1564860,1834264,269404,1,0,661071.8942,38.95192308
1993852185,176880,53894,11272,723245,822139,98894,1,0,639055.1875,56.69230769
1903927485,106725,154553,17839,821141,966219,145078,1,1,610233.1683,34.20673077
1849771905,34950,824255,52926,6549087,6855524,306437,1,0,592875.6106,11.20192308
1813814130,123300,236159,14710,336502,1122289,785787,1,0,581350.6827,39.51923077
1812610305,48120,211881,37668,1855050,2036848,181798,1,0,580964.8413,15.42307692
1801683135,55245,159115,32612,6441558,9350442,2908884,1,0,577462.5433,17.70673077
1796462325,153735,48808,11685,631241,709180,77939,1,0,575789.2067,49.27403846
1790272935,116805,94536,15327,3245645,3871436,625791,1,0,573805.4279,37.4375
1786627350,105090,76716,17001,6246907,6947972,701065,1,0,572636.9712,33.68269231
1765809090,85185,1745462,20728,10599590,11878408,1278818,1,0,565964.4519,27.30288462
1765143120,113715,47393,15522,1084890,1428305,343415,1,0,565751,36.44711538
1729466070,145350,114565,11898,516957,736484,219527,1,0,554316.0481,46.58653846
1715324730,97650,66491,17565,947732,1041131,93399,1,0,549783.5673,31.29807692
1711687935,127680,74903,13406,3269581,3518844,249263,1,0,548617.9279,40.92307692
1702272870,75240,180846,22624,1110555,1709416,598861,1,0,545600.2788,24.11538462
1674125415,115785,93182,14458,575992,725915,149923,1,1,536578.6587,37.11057692
1653994935,83265,176972,19864,1374806,1657511,282705,1,0,530126.5817,26.6875
1634585340,162975,165048,10029,1061596,1214015,152419,1,0,523905.5577,52.23557692
1626781920,106230,100121,15313,8821549,8886559,65010,1,1,521404.4615,34.04807692
1599410550,151800,37112,10536,1131694,1234034,102340,1,0,512631.5865,48.65384615
1599111795,180375,38741,8865,1077319,1454832,377513,1,0,512535.8317,57.8125
1594283745,97320,52943,16381,5171598,5296635,125037,1,0,510988.3798,31.19230769
1587863475,96570,260463,16442,11499,235527,224028,1,0,508930.601,30.95192308
1582172430,115440,28517,13705,1146776,1178638,31862,1,1,507106.5481,37
1538908935,64455,202216,23875,4835672,5273464,437792,1,1,493240.0433,20.65865385
1519197690,159945,70985,9498,1475642,1564050,88408,1,0,486922.3365,51.26442308
1511255235,111420,129457,13563,5876610,7173148,1296538,1,0,484376.6779,35.71153846
1503163725,103815,185921,14479,449558,677284,227726,1,0,481783.2452,33.27403846
1490883510,47580,102021,31334,518930,816390,297460,1,0,477847.2788,15.25
1488898305,75240,82463,19788,1537409,1650107,112698,1,1,477210.9952,24.11538462
1450168260,68445,75678,21187,2051027,2074909,23882,1,0,464797.5192,21.9375
1446793575,157425,46884,9190,28490,244577,216087,1,0,463715.8894,50.45673077
1441401075,97290,69696,14815,423569,645738,222169,1,0,461987.524,31.18269231
1420050585,94200,179352,15074,3858312,4286290,427978,1,0,455144.4183,30.19230769
1413502365,62400,213846,22652,2493355,5826481,3333126,1,0,453045.6298,20
1362200460,108480,50783,12557,1775486,1983833,208347,1,0,436602.7115,34.76923077
1329626310,352665,157027,3770,646184,755006,108822,1,0,426162.2788,113.0336538
1326744930,123255,40472,10764,1658559,1739385,80826,1,1,425238.7596,39.50480769
1307893305,169785,90350,7703,1975564,2019426,43862,1,0,419196.5721,54.41826923
1307702820,91830,307528,14240,3523668,4172539,648871,1,0,419135.5192,29.43269231
1296579540,487500,9393,2659,149794,174372,24578,1,1,415570.3654,156.25
1291171080,38265,236385,33742,1560376,1820772,260396,1,0,413836.8846,12.26442308
1282015875,82080,177746,15619,3448391,3814716,366325,1,1,410902.524,26.30769231
1266167580,154935,22282,8172,447477,474833,27356,1,0,405822.9423,49.65865385
1235634450,85815,43424,14398,6608275,6716696,108421,1,0,396036.6827,27.50480769
1224334710,69225,300741,17686,736657,2370323,1633666,1,0,392414.9712,22.1875
1223205720,71970,202503,16996,9572831,11167868,1595037,1,0,392053.1154,23.06730769
1188178425,89565,26627,13266,920882,1207539,286657,1,0,380826.4183,28.70673077
1160237235,147495,60460,7866,833913,924396,90483,1,0,371870.9087,47.27403846
1157118585,83865,147761,13797,1735604,1910651,175047,1,1,370871.3413,26.87980769
1153815780,141105,29501,8177,1467335,1883510,416175,1,1,369812.75,45.22596154
1139513730,32520,162194,35040,1517111,2046111,529000,1,0,365228.7596,10.42307692
1134499710,108315,59146,10474,1161141,1261545,100404,1,0,363621.7019,34.71634615
1132080615,83745,122805,13518,2458561,2723546,264985,1,1,362846.351,26.84134615
1132014570,64815,92906,17465,394537,525444,130907,1,0,362825.1827,20.77403846
1112784555,94245,68467,11807,239060,349322,110262,1,0,356661.7163,30.20673077
1097012820,31920,217295,34367,3831703,4167483,335780,1,0,351606.6731,10.23076923
1074494205,244770,19671,4389,219305,236478,17173,1,0,344389.1683,78.45192308
1070420595,143970,22608,7434,2382594,2437634,55040,1,0,343083.524,46.14423077
1065509220,162105,38676,6572,187182,325814,138632,1,0,341509.3654,51.95673077
1051796040,156270,46542,6730,1256970,1707002,450032,1,0,337114.1154,50.08653846
1044304365,155520,102115,6714,1044989,1101904,56915,1,0,334712.9375,49.84615385
1038272565,53460,139259,19421,1528624,1611063,82439,1,0,332779.6683,17.13461538
1030991655,84915,158751,12141,1497037,1542441,45404,1,0,330446.0433,27.21634615
1023443325,91785,88886,11150,1267192,1851253,584061,1,0,328026.7067,29.41826923
1019957070,181935,25954,5606,953885,1148645,194760,1,0,326909.3173,58.3125
994994640,144360,43676,6892,963329,1120195,156866,1,0,318908.5385,46.26923077
981464055,163335,26902,6008,851881,991959,140078,1,0,314571.8125,52.35096154
974350365,70350,70524,13850,784172,1738590,954418,1,0,312291.7837,22.54807692
955888950,42135,130120,22686,1882740,1967479,84739,1,0,306374.6635,13.50480769
952015215,157920,158562,6028,1290198,1356326,66128,1,0,305133.0817,50.61538462
946678155,146385,32120,6467,1805704,2190680,384976,1,0,303422.4856,46.91826923
941517090,197670,16558,4763,655814,680133,24319,1,0,301768.2981,63.35576923
939065310,100995,71123,9298,366042,713416,347374,1,0,300982.4712,32.37019231
938437650,123660,105456,7588,442584,498227,55643,1,0,300781.2981,39.63461538
934324065,113160,126485,8256,557830,1419690,861860,1,0,299462.8413,36.26923077
933578190,151830,25201,6148,539697,603814,64117,1,0,299223.7788,48.66346154
928423605,71220,70388,13035,715240,1306097,590857,1,1,297571.6683,22.82692308
928198860,176430,20560,5261,521683,635551,113868,1,1,297499.6346,56.54807692
913404135,102300,49312,8928,1363931,1562435,198504,1,0,292757.7356,32.78846154
903161775,76575,74804,11794,373792,435846,62054,1,0,289474.9279,24.54326923
896545395,64995,56744,13794,579633,686990,107357,1,0,287354.2933,20.83173077
886814190,79035,35778,11220,327146,533781,206635,0,0,284235.3173,25.33173077
880342830,150960,52516,5831,249175,357123,107948,1,0,282161.1635,48.38461538
879870615,82980,57721,10603,1266682,2848215,1581533,1,0,282009.8125,26.59615385
878479410,66405,83333,13229,607657,792835,185178,1,1,281563.9135,21.28365385
862318200,18165,1340960,47471,4095096,4922515,827419,1,0,276384.0385,5.822115385
858558585,58680,61234,14631,1043314,1090980,47666,1,0,275179.0337,18.80769231
857520240,144375,20710,5939,347995,360247,12252,1,1,274846.2308,46.27403846
857428890,34425,103320,24907,322157,399892,77735,1,0,274816.9519,11.03365385
849791880,156105,48364,5443,1231827,1332223,100396,1,0,272369.1923,50.03365385
837064935,148935,23639,5620,3841166,3972401,131235,1,0,268290.0433,47.73557692
833715465,20700,153299,40276,1946426,2462474,516048,1,0,267216.4952,6.634615385
824864115,79095,27594,10428,497497,616820,119323,1,0,264379.524,25.35096154
819588285,172065,26272,4763,274753,868722,593969,0,0,262688.5529,55.14903846
817438395,70620,49249,11575,2419770,2792505,372735,1,1,261999.4856,22.63461538
802051665,7485,284592,107154,1131896,1227361,95465,1,0,257067.8413,2.399038462
795156000,81975,36401,9700,2087462,2707118,619656,1,1,254857.6923,26.27403846
793744215,141930,16641,5592,837399,841252,3853,1,0,254405.1971,45.49038462
787848870,208245,55491,3783,553443,686575,133132,1,0,252515.6635,66.74519231
787018245,417630,47341,1884,379280,697483,318203,1,0,252249.4375,133.8557692
786230820,92325,182838,8515,254296,324025,69729,1,0,251997.0577,29.59134615
783918105,98865,38151,7929,863847,1097291,233444,1,0,251255.8029,31.6875
781647960,156990,43617,4979,117363,436473,319110,1,0,250528.1923,50.31730769
780169305,175260,29313,4451,360739,381686,20947,1,0,250054.2644,56.17307692
780035115,80940,33855,9637,766913,1070279,303366,1,1,250011.2548,25.94230769
777711645,139605,47173,5570,2062211,2114338,52127,1,0,249266.5529,44.74519231
773870400,143790,69273,5382,2553793,2792146,238353,1,0,248035.3846,46.08653846
757715565,145335,58114,5213,734693,997763,263070,1,0,242857.5529,46.58173077
756495645,216270,32573,3498,265794,309855,44061,1,0,242466.5529,69.31730769
751566750,218655,10262,3437,193136,210309,17173,1,1,240886.7788,70.08173077
746754570,79575,71628,9384,635291,561364,-73927,1,0,239344.4135,25.50480769
745364235,524520,8546,1420,489005,548371,59366,1,1,238898.7933,168.1153846
743334585,161160,19168,4612,402820,591314,188494,1,0,238248.2644,51.65384615
735798930,29220,195874,25181,3409613,3874776,465163,1,0,235832.9904,9.365384615
735693885,25785,110428,28531,3872872,4597208,724336,1,1,235799.3221,8.264423077
734020275,56655,51453,12955,462820,600323,137503,1,0,235262.9087,18.15865385
730977345,38100,52786,19185,1258718,1458870,200152,1,0,234287.6106,12.21153846
729166005,85260,39989,8552,1600626,1757941,157315,1,0,233707.0529,27.32692308
722448210,67890,82734,10641,4754479,5272502,518023,1,0,231553.9135,21.75961538
719830245,89655,22669,8028,863064,914160,51096,1,0,230714.8221,28.73557692
715949235,100695,73783,7110,369239,873650,504411,1,0,229470.9087,32.27403846
711511800,432000,58471,1646,692234,712721,20487,1,0,228048.6538,138.4615385
706542000,62175,99397,11363,47530,186470,138940,1,0,226455.7692,19.92788462
703943955,166635,12041,4224,205324,256335,51011,1,0,225623.0625,53.40865385
702213750,63720,44293,11020,834559,1893983,1059424,1,0,225068.5096,20.42307692
694714335,72645,26058,9563,926773,1029591,102818,1,1,222664.851,23.28365385
693621705,133755,26733,5185,268494,290304,21810,1,0,222314.649,42.87019231
692479635,152220,99231,4549,606511,807128,200617,1,1,221948.601,48.78846154
690152580,93765,53044,7360,1072275,1821767,749492,1,0,221202.75,30.05288462
689625855,104025,36479,6629,604348,665449,61101,1,0,221033.9279,33.34134615
685960185,64125,77752,10697,939591,1198908,259317,1,0,219859.0337,20.55288462
685033995,202170,11090,3388,631091,644092,13001,1,1,219562.1779,64.79807692
682099680,72465,65681,9412,888824,1140108,251284,1,0,218621.6923,23.22596154
675897915,109440,31867,6175,4970717,5244606,273889,1,0,216633.9471,35.07692308
668698275,160830,16362,4157,403843,416224,12381,1,0,214326.3702,51.54807692
667841835,406560,75732,1642,18558,61840,43282,1,0,214051.8702,130.3076923
667733490,129150,33227,5170,359075,411427,52352,1,0,214017.1442,41.39423077
666179115,52290,200282,12740,1578173,1743138,164965,1,0,213518.9471,16.75961538
656049780,148395,17300,4421,318994,319613,619,1,1,210272.3654,47.5625
655979910,35505,148965,18475,227340,270217,42877,1,0,210249.9712,11.37980769
646351905,110130,19829,5869,1050818,1079991,29173,1,1,207164.0721,35.29807692
645547920,137850,51524,4682,413627,563717,150090,1,0,206906.3846,44.18269231
645428250,41310,45418,15624,1191918,1419227,227309,1,0,206868.0288,13.24038462
643119645,123000,35813,5228,392369,561644,169275,1,0,206128.0913,39.42307692
643007745,87375,35298,7359,805608,846737,41129,1,0,206092.226,28.00480769
637802115,510465,9593,1249,192174,201950,9776,1,0,204423.7548,163.6105769
636120825,140670,11349,4521,558346,630468,72122,1,0,203884.8798,45.08653846
635771040,146400,19912,4342,262796,321693,58897,1,1,203772.7692,46.92307692
634713210,179115,36153,3543,270164,842043,571879,1,0,203433.7212,57.40865385
632748780,47220,102533,13400,15805,259424,243619,1,0,202804.0962,15.13461538
631607415,58815,623590,10738,1409360,3225005,1815645,1,0,202438.274,18.85096154
629825145,117000,33581,5383,731524,806253,74729,1,0,201867.0337,37.5
628063995,190425,31265,3298,101674,241952,140278,1,0,201302.5625,61.03365385
626510460,96210,64293,6511,655468,766237,110769,1,0,200804.6346,30.83653846
625730835,53910,57113,11607,902427,1010775,108348,1,0,200554.7548,17.27884615
625476645,108630,24365,5757,156510,243811,87301,1,0,200473.2837,34.81730769
624570465,524640,2836,1190,106154,121958,15804,1,0,200182.8413,168.1538462
622765680,142140,33185,4381,295760,367443,71683,1,0,199604.3846,45.55769231
621356475,43860,285246,14166,293309,476199,182890,1,0,199152.7163,14.05769231
619333605,117045,19997,5291,797857,797481,-376,1,0,198504.3606,37.51442308
616942590,109380,40734,5640,297490,511770,214280,1,0,197738.0096,35.05769231
616540455,172500,50610,3574,242091,293392,51301,1,0,197609.1202,55.28846154
611702235,261255,9917,2341,377321,396556,19235,1,1,196058.4087,83.73557692
609092085,88395,44008,6890,840041,1050708,210667,1,0,195221.8221,28.33173077
605935740,125040,10779,4846,1158938,1210826,51888,1,0,194210.1731,40.07692308
454347990,136740,13769,3322,145665,306879,161214,1,0,145624.3558,43.82692308
453855840,200925,14382,2258,287537,342761,55224,1,1,145466.6154,64.39903846
451777275,42825,32563,10549,940136,890092,-50044,0,0,144800.4087,13.72596154
449404035,29190,41392,15395,1214903,1425303,210400,1,1,144039.7548,9.355769231
448988370,118560,27659,3787,297642,486966,189324,1,0,143906.5288,38
448275525,124620,20003,3597,638110,687048,48938,1,1,143678.0529,39.94230769
448153965,112020,27035,4000,330771,357364,26593,0,0,143639.0913,35.90384615
447464130,163770,20711,2732,152045,248463,96418,1,1,143417.9904,52.49038462
445912680,121545,25899,3668,206694,758478,551784,1,0,142920.7308,38.95673077
445046565,78315,55386,5682,242065,401042,158977,1,0,142643.1298,25.10096154
443950365,156330,29232,2839,207100,338948,131848,1,0,142291.7837,50.10576923
443022450,12795,145106,34624,942155,1166948,224793,1,0,141994.375,4.100961538
442329630,85245,26874,5189,723567,790644,67077,1,1,141772.3173,27.32211538
442098270,194490,12799,2273,426650,530636,103986,1,0,141698.1635,62.33653846
442056450,142755,16185,3096,472209,538408,66199,1,0,141684.7596,45.75480769
440870025,63030,31272,6994,222083,307100,85017,1,0,141304.4952,20.20192308
440285520,75750,23133,5812,370283,463825,93542,1,0,141117.1538,24.27884615
439395765,179835,23406,2443,278259,321352,43093,1,0,140831.976,57.63942308
439043880,109635,12276,4004,266332,325283,58951,1,1,140719.1923,35.13942308
437545800,126465,23358,3459,402406,618568,216162,1,0,140239.0385,40.53365385
436662240,216765,10034,2014,147609,157749,10140,1,0,139955.8462,69.47596154
436617060,298890,6620,1460,255468,284953,29485,1,0,139941.3654,95.79807692
433834260,146460,24874,2962,377081,425755,48674,1,0,139049.4423,46.94230769
428664675,209880,13669,2042,233513,289864,56351,1,0,137392.524,67.26923077
427989285,104355,18028,4101,577966,928181,350215,1,0,137176.0529,33.44711538
427205520,103650,28912,4121,825322,928670,103348,1,0,136924.8462,33.22115385
427155855,68460,33020,6239,65081,241971,176890,0,0,136908.9279,21.94230769
426779340,82590,21039,5167,186541,272650,86109,1,0,136788.25,26.47115385
425405010,97140,22337,4379,1120881,1326994,206113,1,1,136347.7596,31.13461538
423927165,129930,19255,3262,258160,273221,15061,1,0,135874.0913,41.64423077
423469935,129675,11467,3265,1217571,1246689,29118,1,0,135727.5433,41.5625
423015150,124320,29224,3402,1520842,1602309,81467,1,0,135581.7788,39.84615385
421387410,150750,22856,2795,274341,287778,13437,1,0,135060.0673,48.31730769
421262925,128325,10464,3282,363093,405025,41932,1,0,135020.1683,41.12980769
420874380,75555,18601,5570,854046,869694,15648,1,0,134895.6346,24.21634615
419288835,95730,16047,4380,664796,772214,107418,1,0,134387.4471,30.68269231
418079535,51270,60549,8154,329534,451983,122449,1,0,133999.851,16.43269231
417675060,99075,23316,4215,644517,668495,23978,1,0,133870.2115,31.75480769
417339150,179850,31434,2320,174488,233600,59112,0,0,133762.5481,57.64423077
411789705,56385,19015,7303,211350,664396,453046,1,0,131983.8798,18.07211538
411262335,38595,42047,10655,1567675,1903706,336031,1,0,131814.851,12.37019231
410796030,139725,17664,2940,506439,541912,35473,1,1,131665.3942,44.78365385
410259210,30180,112504,13593,1195089,1222562,27473,1,0,131493.3365,9.673076923
408717240,60075,60540,6803,4779497,5758170,978673,1,0,130999.1154,19.25480769
408431310,91065,43030,4485,1642296,1807635,165339,1,0,130907.4712,29.1875
408372780,76635,37253,5328,42665,297706,255041,1,0,130888.7115,24.5625
408255765,183480,13757,2225,348274,430786,82512,1,0,130851.2067,58.80769231
405573930,101325,20390,4002,401360,476836,75476,1,0,129991.6442,32.47596154
404155185,118200,13278,3419,1112412,1153199,40787,1,0,129536.9183,37.88461538
402912600,138810,22035,2902,636018,705557,69539,1,0,129138.6538,44.49038462
401564895,205470,6726,1954,368035,398812,30777,1,1,128706.6971,65.85576923
401509770,186330,30002,2154,298529,395835,97306,1,0,128689.0288,59.72115385
401135640,151770,14304,2643,1105154,1184231,79077,1,0,128569.1154,48.64423077
401016000,66645,34008,6017,340757,475533,134776,1,1,128530.7692,21.36057692
400834260,83940,14080,4775,1255926,1307698,51772,1,0,128472.5192,26.90384615
400729560,200010,10048,2003,1763116,1759700,-3416,1,0,128438.9615,64.10576923
400043985,121035,9841,3305,58325,69164,10839,1,1,128219.226,38.79326923
398733300,470925,57475,846,598915,644449,45534,1,0,127799.1346,150.9375
398618265,97965,42292,4068,2408455,2673988,265533,1,0,127762.2644,31.39903846
397997565,115305,20106,3451,81908,164960,83052,1,0,127563.3221,36.95673077
397867065,70605,30445,5635,324770,761055,436285,1,0,127521.4952,22.62980769
397820610,94560,12264,4207,317055,337946,20891,1,0,127506.6058,30.30769231
397704915,13695,290841,29040,2895364,3488452,593088,1,0,127469.524,4.389423077
397535220,185145,40518,2147,505701,824833,319132,1,0,127415.1346,59.34134615
395460000,44445,23634,8897,740985,736098,-4887,1,1,126750,14.24519231
395363760,36210,81405,10918,605763,671399,65636,1,0,126719.1538,11.60576923
395323605,123270,14801,3207,1248745,1283193,34448,1,0,126706.2837,39.50961538
394971285,120630,26866,3274,897609,990836,93227,1,0,126593.3606,38.66346154
393339165,20385,152938,19295,5818747,6716787,898040,1,0,126070.2452,6.533653846
393126735,135135,13949,2909,427287,464281,36994,1,0,126002.1587,43.3125
391939125,132285,9490,2962,409318,424389,15071,1,1,125621.5144,42.39903846
390969690,54300,38423,7200,920236,1056275,136039,1,0,125310.7981,17.40384615
388974930,96555,14329,4028,430863,550882,120019,1,0,124671.4519,30.94711538
388881105,107910,22528,3603,44580,241197,196617,0,0,124641.3798,34.58653846
388853415,192345,42224,2021,255234,315319,60085,1,0,124632.5048,61.64903846
388456725,153120,15552,2536,107838,159958,52120,1,0,124505.3606,49.07692308
388203675,125985,9438,3081,444011,474154,30143,1,0,124424.2548,40.37980769
388082325,96360,37601,4027,1401991,1718984,316993,1,0,124385.3606,30.88461538
387254835,115365,25263,3356,307304,341695,34391,1,1,124120.1394,36.97596154
387128160,88515,23641,4373,788737,964747,176010,1,0,124079.5385,28.37019231
386803230,104865,36282,3688,406109,479815,73706,1,1,123975.3942,33.61057692
385701675,41790,23373,9229,869871,959884,90013,1,0,123622.3317,13.39423077
385450710,91995,26197,4189,648115,848915,200800,1,0,123541.8942,29.48557692
384973380,93810,8912,4103,633558,641134,7576,1,0,123388.9038,30.06730769
383809890,41670,25704,9210,370143,460896,90753,1,0,123015.9904,13.35576923
383629140,131865,13742,2909,619445,695857,76412,1,0,122958.0577,42.26442308
382508670,95040,9797,4024,426012,509141,83129,1,0,122598.9327,30.46153846
381798870,520395,4416,733,779282,995187,215905,1,0,122371.4327,166.7932692
381596115,102885,10267,3708,342936,379564,36628,1,0,122306.4471,32.97596154
381219465,211770,34904,1800,106502,156256,49754,1,0,122185.726,67.875
381134970,133455,9185,2855,93524,107008,13484,1,0,122158.6442,42.77403846
380627910,66945,66641,5685,725793,790284,64491,0,0,121996.125,21.45673077
379977000,142425,15273,2668,455143,485059,29916,1,0,121787.5,45.64903846
379301595,118125,9853,3210,267287,287510,20223,1,0,121571.024,37.86057692
378749070,88095,12743,4299,149026,183331,34305,1,0,121393.9327,28.23557692
377869980,95100,33851,3973,151154,220010,68856,1,0,121112.1731,30.48076923
375957765,516165,20975,728,278477,332851,54374,1,1,120499.2837,165.4375
374613735,135030,46921,2774,778564,852975,74411,1,1,120068.5048,43.27884615
374136480,99405,13339,3763,795989,848569,52580,1,0,119915.5385,31.86057692
373228125,117030,12332,3189,401694,448879,47185,1,1,119624.399,37.50961538
372068580,90045,115239,4132,1846773,1926437,79664,1,0,119252.75,28.86057692
371384625,94035,56270,3949,6327781,6820649,492868,1,0,119033.5337,30.13942308
371155545,157245,14342,2360,252613,286384,33771,1,0,118960.1106,50.39903846
371069535,116325,19399,3190,133693,347045,213352,1,0,118932.5433,37.28365385
369556995,69165,36480,5343,765227,787858,22631,1,1,118447.7548,22.16826923
368544015,95940,26377,3841,289532,346868,57336,1,0,118123.0817,30.75
368470875,105750,25525,3484,402979,800225,397246,1,0,118099.6394,33.89423077
367072140,107520,20885,3414,818231,901036,82805,1,1,117651.3269,34.46153846
367017900,41520,25728,8839,750154,1221814,471660,1,1,117633.9423,13.30769231
366038655,60585,15919,6041,246744,406174,159430,1,0,117320.0817,19.41826923
365242680,89115,9890,4098,129270,197630,68360,1,1,117064.9615,28.5625
364022160,215505,5634,1689,169310,168006,-1304,1,1,116673.7692,69.07211538
363237030,144855,11252,2507,356228,369809,13581,1,0,116422.125,46.42788462
362230530,32730,63129,11067,3657122,3725373,68251,1,0,116099.5288,10.49038462
361252755,186930,5583,1932,142962,170043,27081,1,0,115786.1394,59.91346154
361059090,152535,6787,2367,882372,891054,8682,1,0,115724.0673,48.88942308
360913635,43890,71042,8223,356311,453673,97362,1,0,115677.4471,14.06730769
360337410,119010,9037,3027,110764,149697,38933,1,1,115492.7596,38.14423077
360095625,103200,19774,3489,729093,798784,69691,1,0,115415.2644,33.07692308
359892045,72090,20964,4992,1039729,1323287,283558,1,1,115350.0144,23.10576923
359679225,102435,24754,3511,228192,239695,11503,1,0,115281.8029,32.83173077
358034895,78195,20675,4578,162940,252466,89526,1,0,114754.774,25.0625
357884895,188250,15590,1901,178970,210539,31569,1,0,114706.6971,60.33653846
357296295,47745,56541,7483,3217445,3874875,657430,1,0,114518.0433,15.30288462
355937400,80910,45771,4399,415777,482368,66591,1,1,114082.5,25.93269231
355261935,107760,10894,3296,109944,129299,19355,1,0,113866.0048,34.53846154
355177785,67545,19010,5258,1506945,1617853,110908,1,1,113839.0337,21.64903846
354479670,170685,18743,2076,113632,148300,34668,1,0,113615.2788,54.70673077
353874600,66885,72818,5290,201214,253957,52743,1,0,113421.3462,21.4375
351748050,506205,2369,694,109563,110015,452,1,0,112739.7596,162.2451923
350488635,197835,26186,1771,48553,92699,44146,1,0,112336.101,63.40865385
350418375,55035,25509,6367,508816,731875,223059,1,0,112313.5817,17.63942308
349963290,115200,38667,3038,194113,244791,50678,1,0,112167.7212,36.92307692
349019535,215175,7370,1622,100933,108374,7441,1,0,111865.2356,68.96634615
348552420,95505,108995,3649,1540921,1674126,133205,1,0,111715.5192,30.61057692
347865990,90780,124035,3831,3693967,3867295,173328,1,1,111495.5096,29.09615385
346747785,52800,102377,6567,239562,464928,225366,1,0,111137.1106,16.92307692
346215300,147870,8921,2341,58213,106990,48777,1,1,110966.4423,47.39423077
344531805,121755,29470,2829,165462,237152,71690,1,0,110426.8606,39.02403846
343716375,113775,12005,3021,96628,166017,69389,1,0,110165.5048,36.46634615
343644645,85035,12848,4041,266666,284184,17518,1,0,110142.5144,27.25480769
343521315,134400,9402,2555,138625,160427,21802,1,0,110102.9856,43.07692308
343180455,128985,34869,2660,235381,341028,105647,1,1,109993.7356,41.34134615
342635460,78705,15327,4353,659512,911324,251812,1,0,109819.0577,25.22596154
340875420,71925,53526,4739,1026736,1067215,40479,1,0,109254.9423,23.05288462
340296150,451140,77642,754,388631,424418,35787,1,0,109069.2788,144.5961538
339966915,96120,40023,3537,591414,625896,34482,1,1,108963.7548,30.80769231
339671040,6330,153559,53660,556646,687961,131315,1,0,108868.9231,2.028846154
339467070,78840,15954,4305,817814,888453,70639,1,0,108803.5481,25.26923077
339360255,53280,23564,6369,337802,379062,41260,1,0,108769.3125,17.07692308
337914630,102300,26082,3303,307498,334492,26994,1,1,108305.9712,32.78846154
337757535,159315,7130,2120,856952,855977,-975,1,0,108255.6202,51.0625
337509615,90630,15593,3724,185449,672819,487370,1,0,108176.1587,29.04807692
337464345,122025,51689,2765,66357,160571,94214,1,0,108161.649,39.11057692
336703410,113775,11324,2959,765858,833220,67362,1,0,107917.7596,36.46634615
336581865,31620,158444,10644,3063006,4460643,1397637,1,0,107878.8029,10.13461538
336522240,41070,38435,8193,1190569,1334556,143987,1,0,107859.6923,13.16346154
336194895,191685,33588,1753,159392,219148,59756,1,1,107754.774,61.4375
335959620,15975,142233,21030,1074417,1306561,232144,1,0,107679.3654,5.120192308
335221500,64410,25687,5204,56386,485514,429128,1,0,107442.7885,20.64423077
335116530,174480,6193,1920,224296,369600,145304,0,1,107409.1442,55.92307692
334459005,273420,5273,1223,29914,42012,12098,1,0,107198.399,87.63461538
334330620,161505,17185,2070,96668,134606,37938,1,1,107157.25,51.76442308
333182295,515040,1624,647,410984,571049,160065,1,0,106789.1971,165.0769231
331905510,61215,29282,5422,197487,418407,220920,1,0,106379.9712,19.62019231
331459140,36480,35530,9085,9256829,9332986,76157,1,0,106236.9038,11.69230769
330786315,59700,12762,5540,334228,421990,87762,1,0,106021.2548,19.13461538
330582810,81015,19622,4080,285433,316820,31387,1,0,105956.0288,25.96634615
330166065,178530,7421,1849,57684,116105,58421,1,0,105822.4567,57.22115385
328137555,60315,22365,5440,840703,1025736,185033,1,0,105172.2933,19.33173077
327322470,105435,9665,3104,294195,341019,46824,1,0,104911.0481,33.79326923
327176925,172020,12395,1901,149090,197999,48909,1,0,104864.399,55.13461538
326312550,101355,60684,3219,264799,384684,119885,1,0,104587.3558,32.48557692
325841700,79725,45093,4087,1775284,1856435,81151,1,0,104436.4423,25.55288462
325125315,88305,16154,3681,788592,793652,5060,1,0,104206.8317,28.30288462
324743970,56535,19442,5744,218807,273689,54882,1,0,104084.6058,18.12019231
324023430,202680,18136,1598,1043167,1051557,8390,1,1,103853.6635,64.96153846
323486235,35790,65012,9038,212840,271630,58790,1,0,103681.4856,11.47115385
323208645,116250,8073,2780,221415,351155,129740,1,1,103592.5144,37.25961538
321035025,178380,6629,1799,145623,146403,780,1,1,102895.8413,57.17307692
320974425,77445,15288,4144,704942,775787,70845,1,1,102876.4183,24.82211538
320923185,27165,65954,11813,412819,628779,215960,1,0,102859.9952,8.706730769
320705970,31725,45315,10109,1266235,1718281,452046,1,1,102790.375,10.16826923
320294460,58395,16456,5485,322603,419937,97334,1,0,102658.4808,18.71634615
319834065,56085,31766,5702,554725,595949,41224,1,1,102510.9183,17.97596154
319647510,29910,38127,10687,1842479,2045004,202525,1,0,102451.125,9.586538462
318535815,85665,42915,3718,433774,624563,190789,1,0,102094.8125,27.45673077
318452565,150855,8027,2111,157365,180379,23014,1,1,102068.1298,48.35096154
318367365,141945,18241,2242,371959,439356,67397,1,0,102040.8221,45.49519231
318204060,137610,21989,2312,100124,139196,39072,1,0,101988.4808,44.10576923
318134835,185565,14717,1714,437394,563266,125872,1,0,101966.2933,59.47596154
318041955,524700,11846,606,88243,163338,75095,1,0,101936.524,168.1730769
317752680,133185,5488,2385,155711,164037,8326,1,0,101843.8077,42.6875
316753575,91410,76912,3465,298538,483681,185143,1,0,101523.5817,29.29807692
316621590,123435,690360,2564,830297,1864594,1034297,1,0,101481.2788,39.5625
316466475,166845,12840,1896,2606087,2581025,-25062,1,0,101431.5625,53.47596154
315658770,112665,15451,2801,313040,335734,22694,1,0,101172.6827,36.11057692
314485980,177285,20075,1774,141391,266777,125386,1,0,100796.7885,56.82211538
314036415,45255,354755,6939,883137,1017866,134729,1,0,100652.6971,14.50480769
314003790,36465,46723,8611,274897,301635,26738,1,0,100642.2404,11.6875
313666065,520620,3285,602,88976,106459,17483,1,0,100533.9952,166.8653846
313548285,110805,17144,2829,688724,698191,9467,1,0,100496.2452,35.51442308
312159375,140655,34590,2219,846712,960000,113288,1,0,100051.0817,45.08173077
311807820,139920,11221,2228,317585,328865,11280,1,0,99938.40385,44.84615385
311707860,491250,16262,634,2095346,2217299,121953,1,0,99906.36538,157.4519231
310765530,125295,38290,2480,398127,413123,14996,1,0,99604.33654,40.15865385
310204680,52155,17229,5947,152529,188330,35801,1,0,99424.57692,16.71634615
310160235,110730,15642,2801,555143,639523,84380,1,0,99410.33173,35.49038462
309191565,168510,66410,1834,308755,373188,64433,1,1,99099.86058,54.00961538
307678380,317145,3619,970,11806,18437,6631,1,0,98614.86538,101.6490385
307617360,305235,4522,1007,218842,267160,48318,1,1,98595.30769,97.83173077
307522980,160500,15015,1916,96570,217700,121130,1,0,98565.05769,51.44230769
307276545,94320,30437,3257,138160,171721,33561,1,1,98486.07212,30.23076923
306077730,116490,16453,2627,165716,220172,54456,1,0,98101.83654,37.33653846
305716725,82455,15482,3707,411711,428376,16665,1,1,97986.12981,26.42788462
304790055,146355,29211,2082,1407822,1780635,372813,1,0,97689.12019,46.90865385
301249335,159615,17798,1887,636614,736250,99636,1,0,96554.27404,51.15865385
301098600,54120,16654,5563,260187,447095,186908,1,0,96505.96154,17.34615385
298657830,53970,409724,5533,371422,583166,211744,1,1,95723.66346,17.29807692
298560870,524325,13724,569,80821,92883,12062,1,0,95692.58654,168.0528846
297306495,111480,15231,2666,329106,366212,37106,1,0,95290.54327,35.73076923
297070305,189600,15990,1566,231534,238278,6744,1,0,95214.84135,60.76923077
297007335,151455,8157,1961,351890,397941,46051,1,0,95194.65865,48.54326923
296859735,94200,66714,3151,763020,990561,227541,1,0,95147.35096,30.19230769
296163885,179310,8944,1651,347343,413220,65877,1,0,94924.32212,57.47115385
295543290,169635,11210,1742,309431,320987,11556,1,1,94725.41346,54.37019231
295476780,11655,58197,25352,10026,25670,15644,0,0,94704.09615,3.735576923
295069920,101955,21755,2894,303464,333704,30240,1,0,94573.69231,32.67788462
294870630,97140,16471,3035,656693,713045,56352,1,0,94509.81731,31.13461538
293784780,85065,18259,3453,376861,531095,154234,1,1,94161.78846,27.26442308
293403060,166110,13925,1766,221722,238578,16856,1,1,94039.44231,53.24038462
292927005,234825,20684,1247,2058003,2098115,40112,1,0,93886.86058,75.26442308
292227645,56670,19051,5156,635571,753682,118111,1,1,93662.70673,18.16346154
292026960,202440,5298,1442,343082,405497,62415,1,1,93598.38462,64.88461538
291991140,122685,13222,2380,305578,320177,14599,1,0,93586.90385,39.32211538
291295275,76815,33345,3792,662469,1050653,388184,1,0,93363.87019,24.62019231
290959140,82695,16356,3518,637895,658806,20911,1,0,93256.13462,26.50480769
290413170,104445,13193,2780,90632,129661,39029,1,0,93081.14423,33.47596154
289991745,219480,4253,1321,64830,96908,32078,1,0,92946.07212,70.34615385
289369890,53100,20278,5449,419329,502098,82769,0,0,92746.75962,17.01923077
288442080,94800,62536,3042,2410773,2580755,169982,1,0,92449.38462,30.38461538
288371550,68430,80328,4214,1273499,1601674,328175,1,0,92426.77885,21.93269231
288044745,521865,23333,551,234098,315828,81730,1,0,92322.03365,167.2644231
287867850,164475,8428,1750,269487,473780,204293,1,0,92265.33654,52.71634615
287254635,85305,17169,3367,588779,672581,83802,1,0,92068.79327,27.34134615
286118835,3885,144956,73647,7127665,7251801,124136,1,0,91704.75481,1.245192308
285994050,136590,16800,2093,1634100,1659975,25875,1,0,91664.75962,43.77884615
285645090,76065,13801,3755,405933,472134,66201,1,0,91552.91346,24.37980769
285536040,156435,5036,1825,162554,170956,8402,1,0,91517.96154,50.13942308
285347355,105930,26304,2693,1265440,1453266,187826,1,0,91457.48558,33.95192308
285125055,116850,19620,2440,13047,150669,137622,1,0,91386.23558,37.45192308
285036120,174360,6422,1634,1408101,1548385,140284,1,0,91357.73077,55.88461538
284474340,64860,38554,4386,366799,390819,24020,1,0,91177.67308,20.78846154
283539795,70620,24637,4014,234807,337922,103115,1,0,90878.13942,22.63461538
281733240,14085,191848,20002,208143,466632,258489,1,0,90299.11538,4.514423077
281529150,178875,10007,1573,550596,571427,20831,1,0,90233.70192,57.33173077
280352775,117285,27731,2390,382184,430190,48006,1,0,89856.65865,37.59134615
280140675,46320,52747,6047,426529,561598,135069,1,0,89788.67788,14.84615385
280074555,523470,41990,535,376278,392718,16440,1,0,89767.48558,167.7788462
279812880,431685,3373,648,143543,148338,4795,0,0,89683.61538,138.3605769
279728565,99030,10366,2824,173363,207350,33987,1,1,89656.59135,31.74038462
278546595,13440,201960,20725,1372847,1706010,333163,1,0,89277.75481,4.307692308
278043705,139170,13014,1997,119460,180929,61469,1,0,89116.57212,44.60576923
277617690,144930,8646,1915,619710,658594,38884,1,0,88980.02885,46.45192308
276842670,164520,7900,1682,234336,248811,14475,1,1,88731.625,52.73076923
276705495,85215,9726,3247,696199,777484,81285,1,0,88687.65865,27.3125
276351990,95160,14016,2904,169187,182981,13794,1,0,88574.35577,30.5
276132570,70545,13697,3914,1242865,1358599,115734,1,0,88504.02885,22.61057692
275858460,59760,21841,4616,313144,390069,76925,1,1,88416.17308,19.15384615
275716635,525090,5570,525,782436,780177,-2259,1,0,88370.71635,168.2980769
275379015,55155,28679,4992,1154614,1273894,119280,1,0,88262.50481,17.67788462
275253225,55920,46355,4922,715812,1111170,395358,1,0,88222.1875,17.92307692
275177220,41625,31560,6610,268969,418884,149915,1,0,88197.82692,13.34134615
274335960,95355,17190,2876,481953,744153,262200,1,0,87928.19231,30.5625
274095810,108510,7613,2526,52872,229381,176509,0,0,87851.22115,34.77884615
273742425,134715,14433,2031,483997,504790,20793,1,0,87737.95673,43.17788462
273459525,504645,15271,541,229348,249184,19836,1,0,87647.28365,161.7451923
273321870,36060,69000,7579,404958,433340,28382,1,0,87603.16346,11.55769231
273267225,122460,24977,2231,84555,230359,145804,1,0,87585.64904,39.25
273246630,69960,18802,3905,21155,101891,80736,1,0,87579.04808,22.42307692
272314890,216015,3934,1260,136643,136351,-292,1,0,87280.41346,69.23557692
271592670,144525,50253,1879,799544,1060709,261165,1,0,87048.93269,46.32211538
271499505,91725,26160,2959,59543,196975,137432,1,0,87019.07212,29.39903846
271246680,88650,11058,3059,232586,251443,18857,1,1,86938.03846,28.41346154
270378585,138570,6432,1951,353275,368788,15513,1,0,86659.80288,44.41346154
270374430,33735,22113,8014,600487,844384,243897,1,0,86658.47115,10.8125
270274260,101985,8936,2650,262537,276674,14137,1,1,86626.36538,32.6875
270204930,75000,23044,3602,265583,284134,18551,1,0,86604.14423,24.03846154
269394615,56385,30173,4777,327929,333939,6010,1,0,86344.42788,18.07211538
268327770,94290,7519,2845,199577,294395,94818,1,0,86002.49038,30.22115385
268222005,31890,71515,8410,1169813,1402379,232566,1,0,85968.59135,10.22115385
268157250,95115,26022,2819,150716,183376,32660,1,0,85947.83654,30.48557692
267523185,154890,13046,1727,180063,203225,23162,1,0,85744.61058,49.64423077
267413745,339525,34713,787,392814,437055,44241,1,0,85709.53365,108.8221154
267292935,52980,16950,5045,270357,309697,39340,1,0,85670.8125,16.98076923
266882190,63135,11555,4227,783086,816621,33535,1,1,85539.16346,20.23557692
266220885,132495,8083,2009,444331,457778,13447,1,0,85327.20673,42.46634615
265879800,120000,28511,2215,1605661,1645879,40218,1,0,85217.88462,38.46153846
265577445,42285,86632,6280,301281,407714,106433,1,0,85120.97596,13.55288462
265104375,116385,6094,2277,56348,64925,8577,1,0,84969.35096,37.30288462
264037950,148875,11798,1773,177941,217321,39380,1,0,84627.54808,47.71634615
263552640,149055,3637,1768,226494,233362,6868,1,0,84472,47.77403846
263394780,310500,9917,848,577886,617309,39423,1,1,84421.40385,99.51923077
262871505,85245,30487,3083,156914,194897,37983,1,0,84253.6875,27.32211538
262503780,133740,8903,1962,209959,216061,6102,1,0,84135.82692,42.86538462
262272330,144900,4037,1810,164916,171898,6982,1,1,84061.64423,46.44230769
262212045,59205,24136,4428,317808,382589,64781,1,0,84042.32212,18.97596154
261939180,273630,5706,957,52731,129991,77260,1,0,83954.86538,87.70192308
261612120,50160,19746,5215,161694,359571,197877,1,0,83850.03846,16.07692308
260172615,41325,28253,6295,623957,696063,72106,1,0,83388.65865,13.24519231
259928430,104880,8422,2478,176820,267296,90476,1,0,83310.39423,33.61538462
259569765,22170,36579,11707,714515,782919,68404,1,0,83195.4375,7.105769231
259130190,140640,10195,1842,396525,429301,32776,1,0,83054.54808,45.07692308
259105320,139680,6020,1855,1573548,1619878,46330,1,0,83046.57692,44.76923077
258727200,8430,286930,30691,1822591,2040669,218078,1,0,82925.38462,2.701923077
258058020,123405,21913,2091,129893,261387,131494,1,0,82710.90385,39.55288462
257956725,81750,19020,3155,410706,522776,112070,1,0,82678.4375,26.20192308
257661960,70575,23351,3650,337677,526955,189278,1,0,82583.96154,22.62019231
257596125,122685,15974,2099,597204,615506,18302,1,0,82562.86058,39.32211538
257535840,50775,39859,5072,11096,111135,100039,0,0,82543.53846,16.27403846
257492700,147615,5882,1744,31161,47268,16107,1,0,82529.71154,47.3125
257382960,109515,9066,2350,417780,501608,83828,1,0,82494.53846,35.10096154
256930890,197520,10225,1300,263356,283962,20606,1,0,82349.64423,63.30769231
256737105,113520,32916,2261,167430,202923,35493,1,0,82287.53365,36.38461538
256204545,124965,7339,2050,284535,308506,23971,1,1,82116.84135,40.05288462
256124610,97065,13653,2638,583397,794299,210902,1,0,82091.22115,31.11057692
255945255,24165,22818,10591,1125224,1232846,107622,1,0,82033.73558,7.745192308
254338770,488025,2021,521,352902,368622,15720,1,0,81518.83654,156.4182692
254320845,143520,8112,1772,199439,210701,11262,1,1,81513.09135,46
254311965,106470,12659,2388,738635,762311,23676,1,0,81510.24519,34.125
253015800,113130,13115,2236,969165,989758,20593,1,0,81094.80769,36.25961538
252955170,164805,27190,1534,243763,303512,59749,1,0,81075.375,52.82211538
252866730,116760,8857,2165,406007,473571,67564,1,1,81047.02885,37.42307692
252840915,190095,17886,1330,433267,502595,69328,1,0,81038.75481,60.92788462
252792645,138180,4261,1829,285359,379500,94141,1,0,81023.28365,44.28846154
251557005,89070,17777,2824,81558,123740,42182,1,0,80627.24519,28.54807692
251012700,58785,16373,4270,961234,1238424,277190,1,0,80452.78846,18.84134615
250631505,60585,6581,4136,147658,158988,11330,1,1,80330.61058,19.41826923
250564380,133305,6282,1879,682522,696661,14139,1,0,80309.09615,42.72596154
250447665,91695,23019,2731,191582,262122,70540,1,1,80271.6875,29.38942308
250344990,52230,45305,4793,1015067,1142501,127434,1,0,80238.77885,16.74038462
249663015,91800,12864,2719,300657,317261,16604,1,1,80020.19712,29.42307692
249273075,33105,16531,7529,561105,674253,113148,1,0,79895.21635,10.61057692
248795580,103020,7600,2414,457601,473696,16095,1,1,79742.17308,33.01923077
247877910,80955,22382,3061,399908,408300,8392,1,0,79448.04808,25.94711538
247745820,66390,17178,3731,1958278,2002572,44294,1,1,79405.71154,21.27884615
247702995,17550,125195,14114,1064160,1677527,613367,1,0,79391.98558,5.625
247514400,206835,4275,1196,117138,120596,3458,1,1,79331.53846,66.29326923
247360125,159795,9958,1548,737319,747057,9738,1,0,79282.09135,51.21634615
247323930,65595,19859,3770,165955,296831,130876,1,0,79270.49038,21.02403846
246738810,41805,21725,5902,984811,1051942,67131,1,1,79082.95192,13.39903846
246229380,84615,14168,2910,1161592,1166858,5266,1,1,78919.67308,27.12019231
246081960,131595,12470,1869,278097,296008,17911,1,0,78872.42308,42.17788462
245469390,29850,29686,8223,1755369,1779005,23636,1,0,78676.08654,9.567307692
245404050,10920,53819,22472,3328824,3663604,334780,1,0,78655.14423,3.5
245219745,80010,13691,3064,267850,293380,25530,1,1,78596.07212,25.64423077
244792260,58275,17925,4200,283649,555311,271662,1,0,78459.05769,18.67788462
244459590,112005,12357,2182,98863,297690,198827,1,0,78352.43269,35.89903846
244423050,149820,6242,1631,57340,90348,33008,1,0,78340.72115,48.01923077
243671775,10305,91829,23645,1182329,1307720,125391,1,1,78099.92788,3.302884615
243360450,59610,23475,4082,2091925,2212351,120426,1,0,78000.14423,19.10576923
242847105,53985,23337,4498,240219,458207,217988,1,0,77835.61058,17.30288462
242821695,128565,5170,1888,72461,97392,24931,1,0,77827.46635,41.20673077
242720190,81465,10628,2979,42485,67779,25294,1,0,77794.93269,26.11057692
242664345,186300,11519,1302,390238,412029,21791,1,1,77777.03365,59.71153846
242027520,48405,38417,5000,545013,808057,263044,1,0,77572.92308,15.51442308
241555530,185760,11448,1300,476928,556565,79637,1,0,77421.64423,59.53846154
241220220,221415,41829,1089,390635,394771,4136,1,0,77314.17308,70.96634615
240681840,45600,22401,5278,417897,457423,39526,1,0,77141.61538,14.61538462
240647145,176610,30662,1362,1294103,1305099,10996,1,0,77130.49519,56.60576923
240479490,490530,13482,490,13809,310816,297007,1,1,77076.75962,157.2211538
240413235,127560,12901,1884,928559,950848,22289,1,0,77055.52404,40.88461538
239594415,57750,32597,4148,328407,610288,281881,1,0,76793.08173,18.50961538
238974255,110370,13335,2165,1080203,1138676,58473,1,0,76594.3125,35.375
238662795,30570,24833,7807,1384589,1484693,100104,1,0,76494.48558,9.798076923
238177230,110835,19984,2148,48808,120690,71882,1,1,76338.85577,35.52403846
237887205,95940,10704,2479,249768,257459,7691,1,0,76245.89904,30.75
237815685,520035,6800,457,235406,244407,9001,1,0,76222.97596,166.6778846
237780900,98790,8528,2406,823081,890347,67266,1,0,76211.82692,31.66346154
237188685,37890,13797,6259,1162360,1214182,51822,1,0,76022.01442,12.14423077
237057795,18060,53931,13126,558959,716780,157821,0,0,75980.0625,5.788461538
236877795,88950,42766,2663,1101881,1300123,198242,1,0,75922.37019,28.50961538
236628885,24795,53585,9543,132307,426865,294558,1,0,75842.59135,7.947115385
236114745,79170,39070,2982,295430,382390,86960,1,0,75677.80288,25.375
236101035,76395,13415,3090,2874500,3295962,421462,1,0,75673.40865,24.48557692
235811595,525285,962,448,108178,111348,3170,1,0,75580.63942,168.3605769
235474035,167715,8350,1404,97898,115940,18042,1,0,75472.44712,53.75480769
235404525,132510,26787,1776,599330,1334052,734722,1,1,75450.16827,42.47115385
234802455,21915,86085,10714,61832,923808,861976,0,1,75257.19712,7.024038462
234544200,72870,9380,3218,257111,272007,14896,1,0,75174.42308,23.35576923
234431100,160410,19498,1461,121436,190050,68614,1,0,75138.17308,51.41346154
234337575,39015,37733,6006,11286426,11403035,116609,1,0,75108.19712,12.50480769
234271050,189150,14341,1238,665301,692020,26719,1,1,75086.875,60.625
233867550,111510,12033,2097,238901,361935,123034,1,0,74957.54808,35.74038462
233297970,54345,10706,4292,578696,696735,118039,1,0,74774.99038,17.41826923
233267490,74835,26296,3117,601584,820834,219250,1,0,74765.22115,23.98557692
233122965,74955,14720,3110,924462,1167453,242991,1,0,74718.89904,24.02403846
233003655,163380,4283,1426,401803,406396,4593,1,0,74680.65865,52.36538462
232981965,11040,187871,21103,197791,647907,450116,1,0,74673.70673,3.538461538
232954425,129075,20263,1804,27411,131283,103872,1,0,74664.87981,41.37019231
232814535,45975,39899,5064,160465,189023,28558,1,0,74620.04327,14.73557692
232585020,73800,26362,3151,149907,174073,24166,1,0,74546.48077,23.65384615
232384845,109755,14361,2117,378835,484160,105325,1,1,74482.32212,35.17788462
231648270,123870,12949,1870,66703,86800,20097,1,0,74246.24038,39.70192308
231550770,59970,18034,3861,30180,102708,72528,1,0,74214.99038,19.22115385
230372820,435285,16554,529,283603,290152,6549,1,0,73837.44231,139.5144231
229888755,73560,27001,3125,401877,507785,105908,1,1,73682.29327,23.57692308
229503675,178200,14103,1287,138799,170079,31280,1,0,73558.87019,57.11538462
229379520,19155,71396,11974,2243336,2435790,192454,1,0,73519.07692,6.139423077
229302735,176250,2927,1301,149394,163611,14217,1,0,73494.46635,56.49038462
229181970,87690,5921,2613,325866,392687,66821,1,0,73455.75962,28.10576923
229163625,119790,11484,1912,66376,95155,28779,1,1,73449.87981,38.39423077
229133115,87960,13585,2604,1102926,1199755,96829,1,0,73440.10096,28.19230769
228518460,123705,20339,1847,542123,564948,22825,1,0,73243.09615,39.64903846
228398370,131565,8466,1735,77717,115727,38010,1,0,73204.60577,42.16826923
226497525,114045,5120,1986,104547,112650,8103,1,0,72595.36058,36.55288462
226050630,202665,10892,1115,685949,766375,80426,1,0,72452.125,64.95673077
225984510,93450,11524,2418,232469,318892,86423,1,1,72430.93269,29.95192308
225863895,79410,10629,2844,218766,281405,62639,1,1,72392.27404,25.45192308
225615210,103500,8167,2179,89902,114638,24736,1,0,72312.56731,33.17307692
225492585,131295,10713,1717,242997,259101,16104,1,0,72273.26442,42.08173077
225330360,74310,21244,3032,606828,620448,13620,1,1,72221.26923,23.81730769
225278310,150405,6786,1497,184881,220806,35925,1,0,72204.58654,48.20673077
224903730,52590,26872,4276,578690,580484,1794,1,0,72084.52885,16.85576923
224455590,517140,1223,434,461610,569953,108343,1,1,71940.89423,165.75
224390175,143100,3771,1568,90490,103078,12588,1,0,71919.92788,45.86538462
224005605,58350,16785,3839,1703849,2158407,454558,1,0,71796.66827,18.70192308
223916715,139545,12621,1604,185799,207876,22077,1,1,71768.17788,44.72596154
223840380,132465,21316,1689,114003,203837,89834,1,0,71743.71154,42.45673077
223742880,86865,8966,2575,231137,389791,158654,1,0,71712.46154,27.84134615
223389765,95850,23515,2330,87119,130521,43402,1,0,71599.28365,30.72115385
223354935,29175,46383,7655,562834,671841,109007,1,0,71588.12019,9.350961538
223253220,50670,12340,4406,454847,498710,43863,1,0,71555.51923,16.24038462
223172310,74085,16539,3012,226077,533665,307588,0,0,71529.58654,23.74519231
223072770,120465,11428,1851,206151,211826,5675,1,0,71497.68269,38.61057692
222901545,121335,5434,1837,22543,33410,10867,1,0,71442.80288,38.88942308
222750120,69705,11895,3195,248628,380502,131874,1,0,71394.26923,22.34134615
222732750,191400,9841,1163,586439,596507,10068,1,1,71388.70192,61.34615385
222472500,30990,74775,7179,790925,1055993,265068,1,0,71305.28846,9.932692308
222315330,10275,81686,21636,698118,737048,38930,1,0,71254.91346,3.293269231
221718540,102870,11176,2155,146858,180101,33243,1,0,71063.63462,32.97115385
221208105,95970,14769,2305,846692,932946,86254,1,0,70900.03365,30.75961538
221180910,132900,12456,1664,122432,142989,20557,1,0,70891.31731,42.59615385
221031450,126450,12086,1748,217701,231965,14264,1,0,70843.41346,40.52884615
220932810,78150,18638,2826,58758,152882,94124,1,0,70811.79808,25.04807692
220605615,47655,17654,4629,992977,1042927,49950,1,1,70706.92788,15.27403846
220521540,114090,8640,1932,244966,277568,32602,1,0,70679.98077,36.56730769
220476540,92115,17009,2393,565044,611630,46586,1,1,70665.55769,29.52403846
220406115,60570,18250,3638,719837,824683,104846,1,0,70642.98558,19.41346154
220206630,125955,8634,1748,126799,135653,8854,1,0,70579.04808,40.37019231
219753135,151710,16772,1448,109847,124101,14254,1,0,70433.69712,48.625
219738705,90870,18678,2418,64581,173127,108546,1,0,70429.07212,29.125
219669885,132450,8423,1658,176684,192967,16283,1,0,70407.01442,42.45192308
219542775,109845,6855,1998,4662975,4687561,24586,1,0,70366.27404,35.20673077
219371340,89595,5619,2448,819400,840329,20929,1,0,70311.32692,28.71634615
218764770,137685,7448,1588,172915,176478,3563,1,0,70116.91346,44.12980769
218191695,147270,17787,1481,79735,100432,20697,1,0,69933.23558,47.20192308
218098020,68475,13057,3185,1142983,1506331,363348,1,0,69903.21154,21.94711538
217736505,142950,9425,1523,86318,131113,44795,0,0,69787.34135,45.81730769
217560390,88530,16090,2457,491060,548605,57545,1,0,69730.89423,28.375
217329030,93705,8166,2319,135713,155782,20069,1,1,69656.74038,30.03365385
217318665,17460,65047,12446,2432283,2598190,165907,1,1,69653.41827,5.596153846
216519540,106035,8059,2042,73445,111296,37851,1,0,69397.28846,33.98557692
216412815,120030,15575,1802,1007733,1206957,199224,1,0,69363.08173,38.47115385
216293235,41715,16142,5184,134640,180720,46080,1,0,69324.75481,13.37019231
216293220,135615,3895,1594,139391,156595,17204,1,0,69324.75,43.46634615
216216510,82995,7753,2605,238573,271289,32716,1,1,69300.16346,26.60096154
216213480,69630,14588,3105,560344,604249,43905,1,0,69299.19231,22.31730769
216098100,105510,12531,2048,467999,476872,8873,1,0,69262.21154,33.81730769
215828205,128190,4521,1683,64389,141931,77542,1,1,69175.70673,41.08653846
215508390,145605,13558,1480,94991,153227,58236,1,1,69073.20192,46.66826923
215325255,113010,10997,1905,307937,313147,5210,1,1,69014.50481,36.22115385
214465680,76905,28514,2788,166687,588547,421860,1,1,68739,24.64903846
214456770,86190,15672,2488,397350,422480,25130,1,0,68736.14423,27.625
214394265,40050,19902,5353,392011,409333,17322,1,0,68716.11058,12.83653846
214185225,111465,7554,1921,109475,153563,44088,1,0,68649.11058,35.72596154
213974760,96045,14189,2227,800859,836073,35214,1,0,68581.65385,30.78365385
213750270,85605,7942,2497,124550,160397,35847,1,1,68509.70192,27.4375
212888250,9855,69912,21602,1113866,1466313,352447,1,0,68233.41346,3.158653846
212634255,181125,17869,1173,175148,211215,36067,1,0,68152.00481,58.05288462
212539215,113970,9567,1864,213072,230332,17260,1,0,68121.54327,36.52884615
212535675,34410,17765,6176,874433,1004564,130131,1,1,68120.40865,11.02884615
212166405,48030,30984,4417,573402,865161,291759,1,0,68002.05288,15.39423077
212158245,90675,10482,2339,421314,598661,177347,0,0,67999.4375,29.0625
212060955,115605,10817,1834,1592456,1585464,-6992,1,0,67968.25481,37.05288462
212016165,78855,10688,2688,527672,537001,9329,1,0,67953.89904,25.27403846
211923990,111435,6597,1901,295510,302168,6658,1,1,67924.35577,35.71634615
211798800,173745,4559,1218,75272,185123,109851,1,0,67884.23077,55.6875
211709970,42990,28492,4924,1299012,1862673,563661,1,0,67855.75962,13.77884615
211575675,121035,6292,1748,877520,931072,53552,1,1,67812.71635,38.79326923
211507695,143235,6881,1476,338182,349372,11190,1,1,67790.92788,45.90865385
211286265,44640,26423,4733,792328,833723,41395,1,0,67719.95673,14.30769231
210866925,98415,7716,2142,534237,592448,58211,1,1,67585.55288,31.54326923
210568110,30375,45306,6932,204829,231378,26549,1,0,67489.77885,9.735576923
210507795,132720,4010,1585,190793,204027,13234,1,0,67470.44712,42.53846154
210385575,138690,35481,1516,213440,264104,50664,1,1,67431.27404,44.45192308
209525340,68760,8081,3047,97252,336031,238779,1,0,67155.55769,22.03846154
209239710,60705,36188,3446,148515,220414,71899,1,0,67064.00962,19.45673077
209223390,137805,8245,1518,145972,148997,3025,1,0,67058.77885,44.16826923
209141175,159090,24832,1314,344917,360304,15387,1,0,67032.42788,50.99038462
208984095,59340,14888,3521,452097,561166,109069,1,0,66982.08173,19.01923077
208880895,29550,18765,7068,713743,1280532,566789,1,0,66949.00481,9.471153846
208592430,168930,14295,1234,241453,261997,20544,0,0,66856.54808,54.14423077
208467675,63585,14425,3278,2833487,2860900,27413,1,0,66816.5625,20.37980769
208200840,73575,6539,2829,78392,99929,21537,1,0,66731.03846,23.58173077
207785700,333645,27139,622,947033,951993,4960,1,0,66597.98077,106.9375
207675090,129150,8031,1608,617880,647490,29610,1,0,66562.52885,41.39423077
207212610,112035,12287,1849,323099,344080,20981,1,1,66414.29808,35.90865385
206939505,114120,10636,1813,333351,413371,80020,1,0,66326.76442,36.57692308
206929785,67980,9939,3043,122753,130176,7423,1,1,66323.64904,21.78846154
206691720,174195,64504,1186,107480,237052,129572,1,0,66247.34615,55.83173077
206526735,51855,15918,3982,943694,1073152,129458,1,0,66194.46635,16.62019231
206345145,161985,14154,1273,184347,203330,18983,1,0,66136.26442,51.91826923
206211885,151695,20586,1359,1012570,1080339,67769,1,0,66093.55288,48.62019231
206086185,99585,11334,2069,37652,91358,53706,1,0,66053.26442,31.91826923
205914195,69330,33294,2970,17718,106706,88988,1,0,65998.13942,22.22115385
205028700,176880,7740,1159,71049,116784,45735,1,0,65714.32692,56.69230769
204616800,57870,20345,3535,107469,214076,106607,1,0,65582.30769,18.54807692
204590490,159510,29128,1282,1920303,1989766,69463,1,0,65573.875,51.125
204352455,147765,7861,1383,204575,213039,8464,1,0,65497.58173,47.36057692
203898690,91365,9187,2231,37598,83015,45417,1,0,65352.14423,29.28365385
202740660,103515,10017,1958,103000,112254,9254,1,0,64980.98077,33.17788462
201903615,99330,17057,2032,103975,165555,61580,1,0,64712.69712,31.83653846
201697980,113520,4048,1776,38375,61867,23492,1,0,64646.78846,36.38461538
200850765,145530,7305,1380,368427,441743,73316,1,0,64375.24519,46.64423077
200523300,74040,22476,2708,408471,804041,395570,1,1,64270.28846,23.73076923
199648920,186120,8056,1072,84332,115302,30970,1,0,63990.03846,59.65384615
199379685,72720,13599,2741,1476106,1499495,23389,1,0,63903.74519,23.30769231
199331250,90150,8107,2211,578982,592120,13138,1,0,63888.22115,28.89423077
199265835,160305,7456,1243,1051788,1059773,7985,1,1,63867.25481,51.37980769
198871080,55245,52878,3599,88093,132231,44138,1,0,63740.73077,17.70673077
198774765,106200,5943,1871,114477,175393,60916,1,0,63709.86058,34.03846154
198300735,93810,6390,2113,54556,71623,17067,1,0,63557.92788,30.06730769
198224115,115305,9825,1719,221630,320485,98855,1,0,63533.37019,36.95673077
198037965,121845,55598,1625,624363,647142,22779,1,0,63473.70673,39.05288462
197894775,85185,22368,2323,169413,212058,42645,1,0,63427.8125,27.30288462
197888685,99555,9419,1987,314970,323857,8887,1,0,63425.86058,31.90865385
197690385,164415,3909,1202,126172,141189,15017,1,0,63362.30288,52.69711538
197599095,31575,34880,6258,1061624,1110873,49249,1,0,63333.04327,10.12019231
197508795,167445,8441,1179,433417,450415,16998,1,0,63304.10096,53.66826923
196931040,104895,13240,1877,910374,912437,2063,1,0,63118.92308,33.62019231
196845240,104115,3886,1890,499198,492314,-6884,1,1,63091.42308,33.37019231
196202895,102990,4682,1905,119411,127025,7614,1,0,62885.54327,33.00961538
196175115,39345,112381,4986,2998879,3169017,170138,1,0,62876.63942,12.61057692
196062585,89670,5519,2186,49151,63761,14610,1,0,62840.57212,28.74038462
196000350,74085,22535,2645,539000,553289,14289,1,0,62820.625,23.74519231
195668595,67800,14673,2886,60716,176662,115946,1,0,62714.29327,21.73076923
195535725,41460,17422,4716,232736,336996,104260,1,0,62671.70673,13.28846154
195402840,23010,31319,8492,407900,704726,296826,1,0,62629.11538,7.375
195247800,171060,10498,1141,29773,93942,64169,1,0,62579.42308,54.82692308
194957400,52335,15803,3725,1693363,1828674,135311,1,0,62486.34615,16.77403846
194751495,139095,7934,1400,82555,127733,45178,1,0,62420.35096,44.58173077
194738385,84975,8609,2291,256131,296387,40256,1,1,62416.14904,27.23557692
194661660,149805,8052,1299,190612,231779,41167,1,1,62391.55769,48.01442308
194558910,81030,12957,2401,1680776,1715064,34288,1,0,62358.625,25.97115385
194016480,145050,6548,1337,313280,322711,9431,1,0,62184.76923,46.49038462
193985445,38850,19673,4993,76803,343702,266899,1,0,62174.82212,12.45192308
193976310,49245,23128,3939,59424,268787,209363,1,0,62171.89423,15.78365385
193941735,134250,16521,1444,1274499,1256433,-18066,1,0,62160.8125,43.02884615
193633110,62295,20476,3108,2715357,2713442,-1915,1,0,62061.89423,19.96634615
193584585,124350,12165,1556,918308,989476,71168,1,0,62046.34135,39.85576923
193546590,69510,5793,2784,445568,471378,25810,1,1,62034.16346,22.27884615
193300530,175530,5149,1101,289525,296517,6992,1,0,61955.29808,56.25961538
193180875,465135,1546,415,234211,242383,8172,1,0,61916.94712,149.0817308
192900435,118545,5450,1627,209577,354906,145329,1,0,61827.0625,37.99519231
192833700,60765,28037,3173,281225,479809,198584,1,0,61805.67308,19.47596154
192794895,123480,13467,1561,18369,69257,50888,1,0,61793.23558,39.57692308
192754695,155415,16293,1240,345700,457917,112217,1,0,61780.35096,49.8125
192698580,53010,21694,3635,2726902,2957433,230531,1,0,61762.36538,16.99038462
192496260,99270,10037,1939,205057,238815,33758,1,0,61697.51923,31.81730769
192410970,108855,6350,1767,194527,211227,16700,1,0,61670.18269,34.88942308
192389175,524580,5209,366,341968,363382,21414,1,0,61663.19712,168.1346154
192230175,119655,5053,1606,554797,558529,3732,1,0,61612.23558,38.35096154
192006810,124410,4673,1543,135307,172234,36927,1,0,61540.64423,39.875
191992725,149235,18910,1286,673881,800707,126826,1,0,61536.12981,47.83173077
191945370,80955,10389,2371,61915,69800,7885,1,0,61520.95192,25.94711538
191360460,126300,10364,1515,279684,322478,42794,1,0,61333.48077,40.48076923
190432095,160245,4335,1188,242762,254862,12100,1,0,61035.92788,51.36057692
189950265,122355,4472,1552,534992,542722,7730,1,1,60881.49519,39.21634615
189905835,198765,12864,955,83216,125183,41967,1,0,60867.25481,63.70673077
189729735,137670,7749,1378,230887,230408,-479,1,1,60810.8125,44.125
189702045,127815,8279,1484,386732,446197,59465,1,0,60801.9375,40.96634615
189099960,223890,4721,844,83232,92379,9147,1,0,60608.96154,71.75961538
189013005,145305,6716,1300,366747,368227,1480,1,0,60581.09135,46.57211538
188692230,91170,37109,2069,161257,401822,240565,0,0,60478.27885,29.22115385
188615370,133230,5188,1415,46031,61139,15108,1,0,60453.64423,42.70192308
188115435,60330,26037,3118,666750,937143,270393,1,0,60293.40865,19.33653846
188101080,117870,12821,1595,173160,232649,59489,1,1,60288.80769,37.77884615
187834830,70065,6353,2680,124865,174727,49862,1,1,60203.47115,22.45673077
187793145,96945,19900,1937,168994,176785,7791,1,0,60190.11058,31.07211538
187455645,98310,5567,1906,164433,173946,9513,1,1,60081.9375,31.50961538
187355445,176355,13052,1062,517774,521638,3864,1,0,60049.82212,56.52403846
186940965,64920,16784,2879,463889,503785,39896,1,0,59916.97596,20.80769231
186830100,221970,2906,841,134866,137501,2635,1,1,59881.44231,71.14423077
186791580,76065,9976,2455,127954,161663,33709,1,1,59869.09615,24.37980769
186665310,91575,24936,2038,188762,370443,181681,0,1,59828.625,29.35096154
186627195,120180,9833,1552,94470,354127,259657,1,0,59816.40865,38.51923077
186343290,66255,59413,2812,460494,508842,48348,1,0,59725.41346,21.23557692
186325875,127920,6249,1456,19759,54243,34484,1,1,59719.83173,41
186297900,127245,4683,1464,361916,379166,17250,1,0,59710.86538,40.78365385
186203580,100920,5609,1845,116941,129425,12484,1,1,59680.63462,32.34615385
186097515,47400,47082,3926,20756,1472680,1451924,1,0,59646.63942,15.19230769
186039075,158280,19901,1175,207811,223809,15998,1,0,59627.90865,50.73076923
185984760,111105,14130,1673,122379,362739,240360,1,0,59610.5,35.61057692
185959395,149115,6922,1247,59373,115294,55921,1,0,59602.37019,47.79326923
185930505,48600,12516,3825,1132379,1166031,33652,1,0,59593.11058,15.57692308
185414325,162780,4482,1139,246873,247304,431,1,0,59427.66827,52.17307692
185271375,106725,17651,1735,65724,121277,55553,1,1,59381.85096,34.20673077
185220735,160875,7632,1151,32441,55979,23538,0,0,59365.62019,51.5625
185054100,107730,15261,1717,408065,468708,60643,1,0,59312.21154,34.52884615
184923060,95745,8013,1931,231796,232977,1181,1,0,59270.21154,30.6875
184581015,108645,4045,1698,47542,57113,9571,1,1,59160.58173,34.82211538
184492530,15435,39767,11952,1317161,1776780,459619,1,1,59132.22115,4.947115385
184471125,104175,7874,1770,785397,802651,17254,1,0,59125.36058,33.38942308
184448220,163335,6145,1129,568307,584626,16319,1,0,59118.01923,52.35096154
184405605,148725,3628,1240,57381,71596,14215,1,0,59104.36058,47.66826923
183692835,134805,15827,1362,553978,592761,38783,1,0,58875.90865,43.20673077
183460005,87330,34702,2100,329780,476178,146398,1,0,58801.28365,27.99038462
183289710,102690,29319,1784,317066,331842,14776,1,1,58746.70192,32.91346154
183025515,491430,1395,372,130764,164058,33294,1,0,58662.02404,157.5096154
182809080,116505,5845,1569,873029,1041901,168872,1,1,58592.65385,37.34134615
182705220,325185,1891,561,54023,57047,3024,0,1,58559.36538,104.2259615
182307270,131610,8994,1385,175294,249969,74675,1,0,58431.81731,42.18269231
182176170,106875,10053,1704,190348,192694,2346,1,0,58389.79808,34.25480769
182015535,119520,32009,1522,211751,466584,254833,1,0,58338.3125,38.30769231
181897830,46050,14182,3950,201339,260994,59655,1,0,58300.58654,14.75961538
181663920,79110,19612,2296,114242,131985,17743,1,0,58225.61538,25.35576923
181131825,49050,18115,3693,399220,479851,80631,1,0,58055.07212,15.72115385
180940035,113175,5800,1598,303611,319312,15701,1,1,57993.60096,36.27403846
180517740,23625,55612,7641,4436197,4470111,33914,1,0,57858.25,7.572115385
180433995,118635,9867,1520,123582,142653,19071,1,0,57831.40865,38.02403846
180211410,106095,77934,1698,371440,430771,59331,1,1,57760.06731,34.00480769
180201345,193920,4227,929,26917,28413,1496,1,0,57756.84135,62.15384615
180088635,186150,6222,967,52241,67606,15365,1,0,57720.71635,59.66346154
179983710,181860,10407,989,285815,313753,27938,1,0,57687.08654,58.28846154
179969040,81615,16323,2205,157232,279013,121781,0,0,57682.38462,26.15865385
179765400,49680,28919,3618,135,102050,101915,0,0,57617.11538,15.92307692
179539410,206430,8065,869,225115,230585,5470,1,0,57544.68269,66.16346154
179518515,85140,15382,2108,115758,282903,167145,1,1,57537.98558,27.28846154
179385075,154365,13944,1162,303325,555129,251804,1,0,57495.21635,49.47596154
179302455,98655,4049,1817,696820,714794,17974,1,0,57468.73558,31.62019231
179164605,135270,3974,1324,451797,462146,10349,1,0,57424.55288,43.35576923
179118330,114420,10725,1565,314262,336408,22146,1,0,57409.72115,36.67307692
179040015,165075,4385,1084,255948,267681,11733,1,0,57384.62019,52.90865385
179018010,47220,26755,3791,600673,654325,53652,1,0,57377.56731,15.13461538
178998240,59970,20198,2984,637278,719484,82206,1,0,57371.23077,19.22115385
178908300,88005,33909,2032,574079,806312,232233,1,0,57342.40385,28.20673077
178785300,86565,62034,2065,3160899,3221687,60788,1,0,57302.98077,27.74519231
178636650,141225,12484,1264,1525694,1533419,7725,1,1,57255.33654,45.26442308
178268565,81285,19572,2193,100309,126424,26115,1,0,57137.36058,26.05288462
178256835,112275,12808,1587,129178,140631,11453,1,0,57133.60096,35.98557692
178236855,98445,18947,1810,1117781,1298655,180874,1,0,57127.19712,31.55288462
178149525,56955,28252,3128,570150,603380,33230,1,0,57099.20673,18.25480769
177888180,48855,15474,3641,158547,173585,15038,1,0,57015.44231,15.65865385
177763785,13065,24213,13606,725213,771309,46096,1,1,56975.57212,4.1875
177686865,55950,13611,3176,397225,470053,72828,1,0,56950.91827,17.93269231
177284790,177015,13737,1001,594918,617162,22244,1,0,56822.04808,56.73557692
176850435,142380,3919,1242,61604,66982,5378,1,0,56682.83173,45.63461538
176749740,119850,9857,1474,144382,195751,51369,1,0,56650.55769,38.41346154
176472135,18885,54636,9344,558095,700417,142322,1,0,56561.58173,6.052884615
176402250,5610,156705,31444,5339429,6325133,985704,1,0,56539.18269,1.798076923
176331900,61230,18907,2879,114977,183746,68769,1,0,56516.63462,19.625
175993875,35715,109321,4927,5395757,6820911,1425154,1,0,56408.29327,11.44711538
175840305,108435,4220,1621,93886,102223,8337,1,1,56359.07212,34.75480769
175805325,46485,24325,3782,146073,259294,113221,1,0,56347.86058,14.89903846
175733235,83850,8872,2095,454512,516892,62380,1,0,56324.75481,26.875
175526220,89760,10901,1955,241677,253240,11563,1,1,56258.40385,28.76923077
175479345,264990,5239,662,40346,53528,13182,1,0,56243.37981,84.93269231
175262100,166980,7462,1049,82154,112288,30134,1,0,56173.75,53.51923077
175226115,164430,3827,1065,67633,186575,118942,1,1,56162.21635,52.70192308
174890505,53925,19575,3243,234129,249505,15376,1,0,56054.64904,17.28365385
174722130,117615,25020,1485,821996,960965,138969,1,0,56000.68269,37.69711538
174696375,118230,45933,1477,109185,141070,31885,1,0,55992.42788,37.89423077
174496800,131940,4921,1322,1051294,1093377,42083,1,0,55928.46154,42.28846154
174445695,96510,38965,1807,961808,982442,20634,1,0,55912.08173,30.93269231
174180330,167925,22632,1037,874762,884468,9706,1,0,55827.02885,53.82211538
173763915,145335,4608,1195,384428,840418,455990,1,0,55693.5625,46.58173077
173584860,112680,24843,1540,724221,768192,43971,1,0,55636.17308,36.11538462
173499450,71010,72957,2443,270044,499107,229063,1,0,55608.79808,22.75961538
173199210,122745,10198,1411,74501,253599,179098,1,0,55512.56731,39.34134615
173144340,145845,7333,1187,103913,137639,33726,1,0,55494.98077,46.74519231
173139645,52170,9371,3318,271888,302551,30663,1,0,55493.47596,16.72115385
173123850,59865,10742,2891,738135,778322,40187,1,0,55488.41346,19.1875
172950300,130005,2694,1330,180544,183054,2510,1,0,55432.78846,41.66826923
172829730,160560,2732,1076,111595,128338,16743,1,0,55394.14423,51.46153846
172540350,139530,12951,1236,301525,315956,14431,1,0,55301.39423,44.72115385
172468320,15075,71983,11440,2491202,2591600,100398,1,0,55278.30769,4.831730769
172440135,49170,9485,3507,220147,238123,17976,1,0,55269.27404,15.75961538
172188180,68010,42706,2531,351393,847218,495825,1,0,55188.51923,21.79807692
172083480,138180,5468,1245,322214,324448,2234,1,0,55154.96154,44.28846154
171618585,65550,10774,2618,66272,193532,127260,1,0,55005.95673,21.00961538
171589950,125955,5759,1362,97274,109030,11756,1,0,54996.77885,40.37019231
171565170,86700,18869,1978,307479,372527,65048,1,0,54988.83654,27.78846154
171564390,120330,8398,1425,279912,296008,16096,1,0,54988.58654,38.56730769
171501540,161535,7758,1061,52489,106016,53527,1,0,54968.44231,51.77403846
171472065,61980,88152,2766,691978,738457,46479,1,1,54958.99519,19.86538462
171389955,84435,13870,2029,147433,165604,18171,1,0,54932.67788,27.0625
171240495,101820,7619,1681,98345,172401,74056,1,0,54884.77404,32.63461538
171035505,177300,8111,964,73218,115004,41786,1,0,54819.07212,56.82692308
170794890,144600,10247,1181,495335,496942,1607,1,1,54741.95192,46.34615385
